address,lat,lng
闵行区杨家巷村,31.223812,121.302076
黄浦区顺昌路612弄,31.211195,121.479278
虹口区车站北路732弄,31.297917,121.466056
闵行区罗秀路1339弄,31.12801,121.41877
普陀区沪太路765弄,31.267875,121.441907
徐汇区龙吴路2418弄,31.11959,121.460936
松江区王家厍路55弄,31.091775,121.248095
徐汇区老沪闵路1039弄,31.13047,121.434391
浦东新区栖山路1700弄,31.258635,121.569416
松江区古楼公路656弄,31.117171,121.260597
虹口区宝山路888弄,31.265239,121.479036
虹口区四达路58弄,31.267561,121.491407
徐汇区虹漕路19弄,31.165438,121.409536
松江区仓汇路401弄,31.009161,121.200242
浦东新区北项湾,31.36178,121.555215
徐汇区龙吴路1717弄,31.131902,121.45263
虹口区凉城四村,31.293033,121.472242
浦东新区三三公路5020弄,30.953003,121.907584
徐汇区天钥新村,31.18748,121.446669
松江区泗泾镇鼓楼公路659弄,31.103114,121.230541
松江区泗泾镇泗凯路291弄,31.112694,121.234239
松江区外婆泾路299弄,31.115383,121.258346
虹口区四川北路1906弄,31.262015,121.484299
松江区滟东路62号,30.927761,121.278477
松江区涞亭南路888弄,31.126527,121.341057
浦东新区商城路108弄,31.227911,121.510382
徐汇区龙州路425弄,31.129108,121.426535
闵行区东川路800号,31.023988,121.436248
闵行区春申路1580弄,31.115633,121.43205
闵行区业祥路111弄,31.123757,121.435865
闵行区江川路街道剑川路综合服务中心工地宿舍,31.00692,121.35336
宝山区淞南四村,31.348495,121.490805
奉贤区泰南新村,30.908794,121.554266
嘉定区三里村,31.452898,121.199999
嘉定区嘉美路1050弄,31.301607,121.274996
嘉定区娄南村,31.424647,121.217325
普陀区泸定路555弄,31.229567,121.387722
杨浦区延吉五村,31.291175,121.537794
闵行区春申路1888弄,31.113589,121.422307
普陀区梅岭北路1258弄,31.243197,121.391185
嘉定区崇教路267号对面工地宿舍,31.320707,121.274196
嘉定区温宿路50弄,31.387808,121.246807
静安区阳曲路650弄,31.316291,121.460245
宝山区泰和西路3511弄,31.348955,121.399219
闵行区申北路135弄,31.0902,121.386761
闵行区放鹤路2号,31.05115,121.477098
嘉定区鹤望路365号,31.245689,121.325322
宝山区竹韵路58弄,31.364216,121.445075
徐汇区桂林西街15弄,31.155405,121.415823
奉贤区南桥韩村路85号,30.940354,121.463908
徐汇区柳州路600弄,31.178145,121.420112
嘉定区秋竹路1001弄,31.385968,121.216082
普陀区白玉新村,31.232927,121.415305
徐汇区龙吴路555弄,31.157097,121.449432
崇明区西部生活区,31.369486,121.737355
徐汇区桂林西街47弄,31.154118,121.416715
普陀区长征金江工业园区宿舍,31.237805,121.37309
徐汇区老沪闵路1290弄,31.120929,121.439976
徐汇区梅陇十村,31.131592,121.423741
长宁区虹桥路977号,31.197342,121.4171
静安区南京西路770号,31.231409,121.461792
宝山区怡华苑路188弄,31.271903,121.418655
徐汇区桂林东街99弄,31.155323,121.42515
浦东新区浦建路60弄,31.207376,121.518298
徐汇区东泉路50弄,31.155976,121.445108
徐汇区龙吟路452弄,31.113664,121.45213
闵行区纪东村,31.245257,121.276233
闵行区莘朱路1977号,31.122346,121.422887
徐汇区大木桥路450弄,31.19575,121.462583
金山区龙皓路1565弄,30.754057,121.335285
嘉定区温宿路45号,31.387819,121.247567
嘉定区桃园小区,31.387905,121.244538
嘉定区梅园路300弄,31.386699,121.243316
嘉定区战斗村,31.422394,121.223194
嘉定区华江支路677弄,31.265337,121.336497
嘉定区嘉涛路60弄,31.265836,121.329938
虹口区广灵二路385号,31.281769,121.470906
静安区永兴小马路70号,31.251429,121.464261
普陀区西康路1288弄,31.246228,121.43662
宝山区上大路2弄,31.313279,121.408725
黄浦区永年路149弄,31.211326,121.478807
黄浦区顺昌路590号,31.211382,121.479566
黄浦区顺昌路550弄,31.211827,121.479235
黄浦区顺昌路600号,31.211202,121.479582
黄浦区黄陂南路783号,31.212384,121.477676
嘉定区温宿路39弄,31.387469,121.247466
松江区亭知路651弄,31.146142,121.306528
徐汇区华发路406弄,31.128366,121.44711
徐汇区天等路259弄,31.135817,121.427223
徐汇区桂林西街201弄,31.15319,121.422125
闵行区华茂路1036弄,31.142948,121.348288
徐汇区湖南路4弄,31.208286,121.442607
闵行区银春路2200弄,31.025653,121.386817
徐汇区康健路105弄,31.166024,121.427685
闵行区普杰路100弄,31.117459,121.422917
闵行区盛帆沁春园二村,31.094983,121.376119
宝山区真华路1030弄,31.275663,121.412439
黄浦区建德路4号,31.209655,121.467907
崇明区猛东村,31.742373,121.375739
黄浦区中山南一路247弄,31.20102,121.486617
徐汇区宛平南路517号,31.189108,121.448718
浦东新区龙居路1号,31.256959,121.558771
浦东新区华夏东路1152弄,31.195883,121.671664
嘉定区江桥五四村,31.249728,121.326797
浦东新区华夏东路1668弄,31.197108,121.682109
宝山区新村路789弄,31.266933,121.417245
宝山区祁华路655号,31.320411,121.372677
浦东新区光辉村,31.063823,121.71221
嘉定区嘉涌路88弄,31.269272,121.336917
嘉定区金园一路555号,31.256086,121.317478
嘉定区娄塘路548号,31.430227,121.218851
青浦区新府中路1331弄,31.225894,121.230049
浦东新区光明村,31.290572,121.658468
嘉定区临夏路801弄,31.256758,121.328269
嘉定区清河路205弄,31.380613,121.240519
宝山区华灵路1681弄,31.281283,121.409463
普陀区金汤路353弄,31.250997,121.381141
徐汇区零陵路250弄,31.191295,121.459691
静安区万荣路948号,31.287316,121.441589
宝山区菊太路999弄,31.351299,121.361146
徐汇区长桥七村,31.152699,121.430949
徐汇区平江路170弄,31.2003,121.455089
徐汇区漕溪路280号,31.168921,121.434077
闵行区龙吴路永德小区,31.044453,121.465414
闵行区普乐路665弄,31.11816,121.42122
徐汇区东安一村,31.18792,121.458485
徐汇区零陵路631号,31.188,121.44647
宝山区大华路869弄,31.275056,121.416514
黄浦区西藏南路688弄,31.21664,121.483091
宝山区环镇北路500弄,31.30763,121.40477
浦东新区枣庄路399弄,31.255774,121.578247
浦东新区团新村,31.015384,121.753359
浦东新区新艺路53号,31.02027,121.642784
浦东新区锦绣东郊,31.170514,121.7651
浦东新区天花庵村,31.122769,121.534302
浦东新区鹤沙路588弄,31.081866,121.593318
黄浦区济南路181弄,31.219567,121.478857
浦东新区上游村,31.310802,121.641175
虹口区广中路680弄,31.279685,121.462428
浦东新区妙境路124弄,31.19706,121.68907
浦东新区建光村,31.212753,121.746966
浦东新区盛荣路288弄,31.169961,121.605796
浦东新区创新西路75弄,31.202614,121.655853
浦东新区人民西路128弄,31.049163,121.734686
浦东新区华夏东路1036弄,31.195397,121.669262
浦东新区华夏东路860弄,31.194543,121.665713
浦东新区鹤沙路688弄,31.081555,121.589271
黄浦区中山南路1358弄,31.210531,121.499641
浦东新区中心村养正宅,31.17929,121.645276
浦东新区德州三村,31.168952,121.49028
浦东新区邵村村,31.00467,121.737199
浦东新区商城路1317弄,31.236357,121.530924
黄浦区制造局路后街,31.21018,121.48231
黄浦区徐家汇路515弄,31.20855,121.475307
嘉定区江桥大宅五四村,31.247404,121.322586
嘉定区金园一路1118弄,31.248851,121.314858
浦东新区浦东大道580号,31.240216,121.52178
浦东新区关岳西路151弄,31.118381,121.578361
浦东新区新德路835弄,31.195599,121.688222
闵行区东风村,31.102591,121.544703
浦东新区龙博公寓,31.178522,121.555015
松江区九新公路2335弄,31.070629,121.31676
浦东新区英雄村,31.029162,121.753478
浦东新区行泰路281弄,31.290306,121.610023
浦东新区龙居路150弄,31.252244,121.561215
徐汇区龙吴路2888弄,31.108316,121.456464
金山区龙航路718号,30.761659,121.343206
金山区南阳湾路1288弄,30.736108,121.313815
金山区龙山路518弄,30.745837,121.338875
浦东新区洛神花路6号,31.221517,121.544379
浦东新区听悦路685弄,31.054915,121.737035
静安区万荣路1199弄,31.293305,121.442404
静安区万荣路959号,31.287995,121.442324
宝山区永顺路81弄,31.412166,121.349017
徐汇区梅陇六村,31.138617,121.420073
闵行区瑞丽路768弄,31.015948,121.404465
闵行区景谷中路58弄,31.022398,121.41739
闵行区沁春路1366弄,31.095273,121.37496
闵行区剑川路中铁四局工地宿舍,31.00692,121.35336
闵行区虹梅南路1008号,31.123732,121.424338
闵行区普乐二村,31.114762,121.423572
闵行区普乐三村,31.116945,121.425321
徐汇区长桥四村,31.134934,121.437979
松江区新飞路1999弄,31.049711,121.316753
浦东新区博兴路462弄,31.265331,121.581804
浦东新区玉盘北路288弄,31.225646,121.672371
浦东新区拱鸣路60弄,31.059798,121.744681
浦东新区扶栏村,31.001402,121.750057
浦东新区夏碧路80弄,31.341191,121.589022
浦东新区张杨路1515弄,31.23549,121.535722
浦东新区华夏二路200弄,31.194083,121.684029
浦东新区云山路1395弄,31.243967,121.576956
浦东新区牌楼村,31.052878,121.558582
浦东新区城南路41弄,31.04068,121.742535
浦东新区拱乐路2400弄,31.063178,121.768505
浦东新区金汇广场,31.043668,121.75761
浦东新区龙东大道1号,31.213119,121.5756
嘉定区北大街108弄,31.386896,121.248174
浦东新区张杨路1515弄,31.23549,121.535722
静安区彭江路199号,31.28535,121.456339
虹口区逸仙路288弄,31.298842,121.486303
虹口区三门支路738弄,31.311722,121.480324
嘉定区沙霞路95弄,31.378826,121.252811
徐汇区云锦路50弄,31.17454,121.456407
嘉定区星桥村,31.443496,121.276851
普陀区澳门路58弄,31.246947,121.448819
徐汇区龙州路450弄,31.129336,121.428163
静安区广延路1188弄,31.291183,121.455026
静安区昌平路923弄,31.233082,121.439235
嘉定区城中路29弄,31.376123,121.253479
松江区文诚路2159弄,31.026732,121.182339
静安区临汾路300弄,31.310921,121.461469
奉贤区五宅村,30.992792,121.487611
徐汇区东安路230弄,31.193677,121.452172
宝山区呼玛二村,31.340806,121.44655
徐汇区罗秀路930弄,31.131027,121.43015
闵行区放鹤路2813号,31.044179,121.411205
金山区板桥东路1200弄,30.738511,121.355339
青浦区青松路129弄,31.146265,121.117447
浦东新区东靖路1900弄,31.291599,121.607994
浦东新区三林世博家园A区,31.159461,121.540049
浦东新区联勤村,31.168369,121.551406
浦东新区华夏三路85弄,31.196408,121.679295
徐汇区罗秀路955弄,31.130823,121.431124
普陀区真如西村,31.247734,121.401488
徐汇区梅陇11村,31.171479,121.42593
徐汇区上中路400弄,31.139081,121.441214
闵行区浦航路36弄,31.044094,121.545959
浦东新区华绣路179弄,31.186661,121.52729
闵行区剑川路100弄,31.044434,121.472684
嘉定区桃园新村,31.388633,121.245759
嘉定区博园路7578号,31.28189,121.16971
闵行区华漕新村,31.226811,121.328393
松江区外婆泾299弄,31.032243,121.227747
闵行区金平路788弄,31.020307,121.405684
嘉定区人民街24弄,31.291048,121.309458
宝山区岭南路1288弄,31.324587,121.4566
闵行校区东川路800号,31.023988,121.436248
松江区泗凯路291弄,31.112694,121.234239
普陀区千阳南路88弄,31.227569,121.366667
徐汇区漕溪北路1200号,31.18135,121.43543
浦东新区拱乐路2100弄,31.063086,121.748302
浦东新区听谐路73弄,31.053467,121.751601
浦东新区听潮南路77弄,31.037275,121.741862
浦东新区长清路103弄,31.169777,121.489194
浦东新区海阳路654弄,31.155557,121.497161
宝山区双城路803弄,31.389031,121.485255
普陀区真光路1058弄,31.2421,121.380774
奉贤区万顺路2768弄,30.969715,121.516413
奉贤区多元工贸城,30.968879,121.468797
浦东新区听悦路1205弄,31.064221,121.738262
浦东新区华夏东路2345弄,31.201149,121.697991
徐汇区江南一村,31.192088,121.462787
徐汇区凯浜路19弄,31.179277,121.457943
宝山区共富路183弄,31.350925,121.430897
闵行区莘建东路399弄12支弄,31.109531,121.382743
虹口区虬江支路181号,31.254166,121.483169
静安区灵石路1197号,31.272634,121.426939
青浦区凤马塘路205弄,31.180532,121.228626
黄浦区蒙自路481弄,31.202104,121.479905
黄浦区徐家汇路388号,31.209059,121.474148
黄浦区五里桥路39弄,31.204692,121.483705
普陀区枣阳路465弄,31.229564,121.400349
奉贤区新四平公路467弄,30.891616,121.737593
长宁区水城路728弄,31.213097,121.392019
宝山区泗塘五村,31.333007,121.461686
杨浦区敦化路163号,31.290444,121.537833
金山区龙轩路1998弄,30.745233,121.318905
金山区龙宇路999弄,30.74114,121.358304
金山区龙轩路2208弄,30.74269,121.313823
长宁区长宁路405弄,31.223247,121.427084
浦东新区顾家圩杨家宅,31.364609,121.546501
浦东新区东绣路99弄,31.21481,121.54114
宝山区祁连二村,31.317202,121.380557
松江区车峰路199弄,31.010545,121.320583
黄浦区徐家汇路101号,31.209865,121.480586
松江区龙源路1208弄,31.060547,121.201658
宝山区长江路868号,31.346208,121.483255
嘉定区金园一路1359弄,31.242254,121.316487
长宁区天山五村,31.210978,121.393309
静安区银都一村,31.317879,121.44383
嘉定区伊宁路合作路工地,31.338979,121.254435
黄浦区重庆北路212号,31.227073,121.46979
黄浦区思南路26弄,31.218749,121.465789
浦东新区桃林路299弄,31.239501,121.537927
徐汇区梅陇五村,31.134981,121.422401
松江区泗陈公路518弄,31.123089,121.266466
黄浦区广东路543号,31.231833,121.481016
闵行区北翟路3318弄,31.225651,121.313471
徐汇区乐山支路4弄,31.196449,121.430984
浦东新区临沂路181弄,31.193274,121.512949
闵行区北江燕路228弄,31.079579,121.502705
杨浦区霍山路1191弄,31.264361,121.526984
浦东新区浦东南路3905弄,31.182954,121.502349
普陀区祁连山南路999弄,31.243472,121.366187
松江区勋业东路300弄,31.12856,121.219418
普陀区宜川五村,31.261269,121.444158
普陀区新村路349弄,31.267801,121.434008
黄浦区淡水路214弄,31.217103,121.472668
闵行区莘建路290弄,31.104344,121.374961
青浦区凤强塘路1000弄,31.18745,121.231265
虹口区四川北路1006号,31.264426,121.48307
静安区沪太路941弄,31.27436,121.431363
奉贤区横桥村,30.927735,121.770763
浦东新区丽正路1059弄,30.979816,121.864099
浦东新区鹏岳路152弄,31.170616,121.553634
浦东新区,31.221517,121.544379
虹口区,31.2646,121.505133
松江区,31.032243,121.227747
杨浦区,31.259541,121.526077
嘉定区,31.375602,121.2653
黄浦区,31.22986,121.46924
宝山区,31.405457,121.489612
徐汇区,31.19919,121.437866
普陀区,31.24984,121.395555
奉贤区,30.917795,121.474042
崇明区,31.623587,121.397417
闵行区,31.112813,121.381709
静安区,31.247105,121.459384
金山区,30.741991,121.34197
长宁区,31.220367,121.424624
青浦区,31.150681,121.124178
浦东新区利津路1313弄,31.281026,121.592683
浦东新区首善街555弄,30.97424,121.875136
浦东新区汇南村,31.040516,121.735975
浦东新区乐城路32弄,31.030489,121.595496
浦东新区西北新邨,31.04787,121.751363
浦东新区联勤村李家宅,31.161785,121.551071
浦东新区下南路339弄,31.169586,121.54262
浦东新区草高支路656弄,31.352581,121.575258
浦东新区海沈村,31.025684,121.79627
浦东新区兰花小区99弄,31.204846,121.547661
浦东新区草高支路766弄,31.351563,121.570248
浦东新区高青路4567弄,31.171069,121.561787
浦东新区听谐路86弄,31.057396,121.750534
浦东新区园艺村,30.982441,121.748639
浦东新区栖山路1876弄,31.260362,121.573268
浦东新区项埭村,31.047365,121.714941
浦东新区勤丰村,31.044081,121.77597
浦东新区惠东村,31.040169,121.776723
浦东新区高东二路118弄,31.323047,121.627115
浦东新区东靖路2562号,31.293393,121.619322
浦东新区行泰路150弄,31.289666,121.607046
浦东新区拱乐路698弄,31.064817,121.771278
浦东新区柴场村,31.18103,121.72611
浦东新区长岛路728弄,31.260141,121.585855
浦东新区拱海路78弄,31.068665,121.736829
浦东新区云汉路977弄,30.91027,121.80683
浦东新区巨峰路758弄,31.279203,121.602224
浦东新区莱阳路451弄,31.275762,121.582551
浦东新区张杨北路555弄,31.267079,121.587183
浦东新区博山东路811弄,31.2574,121.575692
浦东新区迎薰路222弄,31.036159,121.737907
浦东新区鹤驰路99弄,31.079089,121.594833
浦东新区成山路2388弄,31.179508,121.546001
浦东新区北中路408弄,31.18363,121.560544
浦东新区联勤村杨莲路冯家宅,31.165281,121.550341
浦东新区三杨新村一街坊,31.154236,121.489234
浦东新区凉亭路91弄,31.105944,121.761423
浦东新区建中路285弄,31.035536,121.839582
浦东新区东书房路560弄,31.161298,121.534836
浦东新区闵家浜路70弄,31.218177,121.595403
浦东新区人民东路2729弄,31.049041,121.761795
浦东新区拱北路278弄,31.057776,121.777211
浦东新区俱进路285弄,31.302749,121.609358
浦东新区龙三路84弄,31.218264,121.594815
浦东新区永泰路630弄,31.137685,121.517714
浦东新区城南路1259号,31.041871,121.778585
浦东新区城南路918弄,31.04038,121.769951
浦东新区远东村,31.04042,121.803461
浦东新区福缘路58号,31.036653,121.75969
浦东新区中界村陈家宅,31.191897,121.567836
浦东新区上南路2985号,31.165364,121.497535
浦东新区清溪路400弄,31.340954,121.571166
浦东新区季景北路王家街,31.34792,121.58043
浦东新区南泉小区,31.213072,121.522174
浦东新区康沈路1548号,31.118505,121.575177
浦东新区姜薛家宅,31.261461,121.662123
浦东新区张杨北路588弄,31.267341,121.590564
浦东新区东陆路807号,31.276476,121.591443
浦东新区上浦路202弄,31.144632,121.492888
浦东新区高斯路1296弄,31.199972,121.617555
浦东新区高宝路68弄,31.289411,121.618319
浦东新区黄路村,31.0303,121.764284
浦东新区城西路106号,31.044704,121.749468
浦东新区人民西路1533弄,31.047541,121.727054
浦东新区东陆路1456弄,31.266971,121.601679
浦东新区杨高北路3885弄,31.284151,121.607564
浦东新区顾高路1308号,31.295278,121.639541
浦东新区拱极路2626弄,31.05348,121.774319
浦东新区上游村卢家宅,31.308374,121.631559
浦东新区南园路226弄,31.031918,121.746214
浦东新区行德路141弄,31.294905,121.610968
浦东新区东沟二村,31.293521,121.576794
浦东新区惠东路147号,31.044756,121.765439
浦东新区桥北村,31.016709,121.801009
浦东新区凌兆路99弄,31.141575,121.492221
浦东新区博华路999弄,31.170129,121.549868
浦东新区杨高中路10弄,31.257681,121.598243
浦东新区莲溪路477弄,31.182923,121.563369
黄浦区鲁班路721弄,31.197163,121.478601
黄浦区鲁班路388弄,31.201544,121.47458
黄浦区顺昌路612弄27号,31.21118,121.479227
黄浦区吉安路157号,31.219295,121.480634
黄浦区局门后路85弄,31.208539,121.480791
黄浦区方斜路534号,31.212798,121.482644
黄浦区斜土路486弄,31.202535,121.477515
黄浦区建德路1号,31.209944,121.468257
黄浦区合肥路349弄,31.213609,121.473311
黄浦区丽园路873号,31.206754,121.476114
黄浦区丽园路875号,31.206751,121.475975
黄浦区黄陂南路506弄,31.218208,121.47597
黄浦区瞿溪路904弄,31.199816,121.479238
黄浦区长乐路169弄,31.221041,121.462248
黄浦区香港路55号,31.242708,121.487023
黄浦区唐家湾路158号,31.213812,121.481536
黄浦区兴安路98弄,31.221098,121.470732
黄浦区蒙自西路28弄3号,31.207044,121.475978
黄浦区茂名南路9弄,31.222929,121.461577
黄浦区泰康路268号,31.207644,121.468485
静安区长临路380弄,31.318317,121.437098
静安区茂名北路93号,31.225469,121.460172
静安区长宁路209弄,31.225421,121.428887
静安区新闸路777弄,31.23547,121.460989
静安区奉贤路68弄,31.232206,121.461059
静安区灵石路817弄,31.281528,121.435595
静安区普善路239弄,31.258024,121.456191
静安区中山北路899弄,31.262346,121.456106
静安区柳营路1085号,31.260592,121.449175
静安区普善路390弄,31.260169,121.453761
静安区柳营路1025弄,31.261842,121.450322
静安区高平路809弄,31.291829,121.425309
徐汇区天钥桥路380弄,31.188076,121.439853
徐汇区乐山路10弄,31.196931,121.432289
徐汇区斜土路2601号,31.187549,121.443156
徐汇区南丹东路168弄,31.189129,121.440964
徐汇区永嘉路386弄,31.208531,121.456184
徐汇区淮海中路1326号,31.213231,121.449527
徐汇区安福路163号,31.21415,121.444726
徐汇区汾阳路9弄,31.213843,121.455699
徐汇区零陵路231号,31.192685,121.459507
徐汇区中山南二路988弄,31.183127,121.445075
徐汇区宛平南路420弄,31.189759,121.447199
徐汇区大木桥路600弄,31.192847,121.463272
徐汇区桂林路303弄,31.168593,121.418489
徐汇区汇成一村,31.146969,121.432129
徐汇区汇成五村,31.142082,121.435484
徐汇区罗城路799弄,31.148021,121.434165
徐汇区罗秀路213号,31.13288,121.447485
徐汇区罗秀路2号,31.133515,121.439373
徐汇区上中路289弄,31.139121,121.443239
徐汇区上中路285号,31.139188,121.442735
徐汇区罗秀路210号,31.134681,121.445933
徐汇区柳州路181弄,31.159284,121.427993
徐汇区桂林西街14弄,31.154931,121.419092
徐汇区罗秀路850弄,31.131603,121.432968
徐汇区梅陇路130号,31.143139,121.42501
徐汇区老沪闵路1055弄,31.129863,121.434737
徐汇区龙州路975号,31.138593,121.422003
徐汇区罗秀路873号,31.131248,121.433193
徐汇区罗秀路845号-3,31.131332,121.433939
徐汇区梅陇路300号,31.137958,121.417761
徐汇区凌云路38号-107,31.130304,121.423155
徐汇区上中西路55弄,31.135173,121.431013
徐汇区康健路43弄,31.166235,121.431247
徐汇区龙吴路2588弄,31.114427,121.457386
长宁区汇川路88弄,31.217096,121.418002
长宁区宣化路113弄,31.217253,121.429346
长宁区宣化路57弄,31.217222,121.429495
长宁区天山西路568号,31.219006,121.360414
长宁区剑河路599弄,31.207147,121.368871
长宁区绥宁路628号,31.215571,121.345043
长宁区玉屏南路725号,31.214778,121.40105
长宁区福泉路120弄,31.215921,121.358681
长宁区东诸安浜路180弄,31.21859,121.432933
普陀区东新路99弄,31.240225,121.430089
普陀区平利路21弄,31.27098,121.430291
普陀区志丹路500弄,31.271108,121.431307
普陀区万泉路122弄,31.268827,121.399762
普陀区宜川四村,31.26382,121.443797
普陀区古浪路55弄,31.280799,121.398116
普陀区南大街东江海小区,31.246356,121.401038
普陀区真北路3725弄,31.284892,121.39886
普陀区甘泉路5弄,31.263986,121.435532
普陀区曹杨二村,31.244152,121.405693
普陀区桂巷新村,31.239214,121.39971
普陀区白丽路701弄,31.288364,121.344422
普陀区中山北路2655弄,31.243101,121.419412
普陀区中山北路2451弄,31.245892,121.42335
普陀区中华新路1140弄,31.255799,121.449938
虹口区广灵四路280弄,31.28804,121.474085
虹口区四川北路1545号,31.25575,121.48318
杨浦区政悦路588弄,31.334704,121.524443
杨浦区包头路179弄,31.310414,121.538461
杨浦区控江路1209号,31.277553,121.526526
杨浦区三门路333号,31.311581,121.501085
杨浦区睿达路66弄,31.327534,121.501678
杨浦区凤城三村,31.281809,121.521856
杨浦区顺平路59弄,31.283263,121.556172
宝山区大华路301弄,31.270445,121.416207
宝山区祁连二村C街坊,31.315482,121.377984
宝山区大华路455弄,31.271072,121.415679
宝山区华灵路1225弄,31.281709,121.4194
宝山区虎林路135弄,31.333045,121.460433
宝山区新沪路285弄,31.269279,121.418038
宝山区菊联路89弄,31.34786,121.367846
宝山区新沪路475弄,31.27086,121.418689
宝山区菊泉街400弄,31.35393,121.37464
宝山区新沪路837弄,31.270766,121.416633
宝山区月罗路1201弄,31.416889,121.388889
宝山区新沪路1060弄,31.273446,121.419002
闵行区虹梅南路990号,31.124498,121.423716
闵行区银都路2688弄,31.09821,121.406725
闵行区许浦村,31.224595,121.337166
闵行区浦申路1288弄,31.094996,121.500863
闵行区联航路2015弄,31.072542,121.505258
闵行区联航路2165弄,31.071736,121.502032
闵行区富岩路328弄,31.032755,121.370924
闵行区罗秀路1377号,31.128446,121.417786
闵行区金阳路116弄,31.039333,121.423376
闵行区颛兴路666弄,31.064924,121.388969
闵行区都会路2799弄,31.080099,121.410041
闵行区光华路1号,31.071452,121.398097
闵行区向阳村,31.068359,121.419435
闵行区都庄路2727号,31.082062,121.417226
闵行区沪光路425弄,31.076783,121.410884
闵行区东华美路151弄,31.221382,121.331884
闵行区莘西南路400弄,31.099042,121.377074
闵行区盐铁塘路176弄,31.035695,121.511371
闵行区报春路817弄,31.120093,121.377042
闵行区江玮路100弄,31.058015,121.53083
闵行区浦申路200弄,31.075927,121.506982
闵行区龙吴路5511弄,31.044419,121.4665
闵行区剑川路150弄,31.043661,121.465335
闵行区疏影路789弄,31.118706,121.364966
闵行区广南路666弄,31.036962,121.463257
闵行区莘西南路155弄,31.094508,121.379022
闵行区浦驰路188弄,31.074242,121.503454
嘉定区嘉定镇街道李园二村,31.388743,121.250272
嘉定区安研路66弄,31.274493,121.190942
嘉定区安亭镇联群村,31.276628,121.246297
嘉定区墨玉路388弄,31.300366,121.162221
嘉定区华亭镇唐行石村,31.455225,121.249873
嘉定区城北路3980号,31.447426,121.192859
嘉定区汇通路25号,31.403568,121.186506
嘉定区嘉定工业区娄东村,31.434694,121.232245
嘉定区娄塘路747弄,31.4305,121.21715
嘉定区嘉唐公路1256号,31.425894,121.215023
嘉定区南新路216号,31.430692,121.218068
嘉定区工业区中贸世纪,31.36262,121.230185
嘉定区城中路213弄,31.388398,121.245161
嘉定区曹安公路2300号,31.261624,121.34192
嘉定区嘉峪关路380弄,31.270947,121.316962
嘉定区大宅风范城,31.243579,121.325917
嘉定区江桥镇五四村,31.250027,121.326931
嘉定区金园一路1115弄,31.244772,121.319573
嘉定区靖远路1099弄,31.25447,121.324657
嘉定区临夏路98弄,31.258284,121.336736
嘉定区星华公路2173号,31.271646,121.284744
嘉定区榆中路68弄,31.25428,121.325889
嘉定区慈竹路836弄,31.380381,121.212666
嘉定区嘉行公路225弄,31.398669,121.254183
嘉定区首创旭辉城一期,31.412492,121.201108
嘉定区中大街104弄,31.430769,121.216973
嘉定区南翔镇永丰村、新丰村,31.320641,121.301795
嘉定区澄浏中路3128弄,31.386559,121.278352
金山区海盛路515弄,30.755962,121.345236
金山区星火村,30.771869,121.263714
金山区下坊村,30.85774,121.106629
松江区东港村,30.989397,121.19935
松江区银都西路85号,31.082672,121.36927
松江区松东路193弄,31.013446,121.25244
松江区场西路155弄,31.092241,121.343043
松江区长溇村,30.964782,121.286372
松江区青浦区,31.150681,121.124178
松江区北青公路3488号,31.201916,121.251444
松江区乐爱路38弄,31.1763,121.234414
松江区沪青平公路2095号,31.157635,121.2622
松江区奉贤区,30.917795,121.474042
松江区振泰路256弄,30.980532,121.559955
松江区振泰路168弄,30.979565,121.561996
松江区西闸路1118弄,30.994173,121.44511
松江区航谊路8号,30.947364,121.461706
松江区崇明区,31.623587,121.397417
松江区崇明区江南大道,31.368427,121.737819
浦东新区芳华路933弄,31.197884,121.5687
浦东新区上浦路69弄,31.145309,121.490236
浦东新区潍坊六村,31.222213,121.52242
浦东新区巨峰路176弄,31.2792,121.597196
浦东新区欣连佳苑,31.330529,121.618139
浦东新区江东支路南项湾,31.358571,121.557731
浦东新区陈春路620弄,31.172849,121.54571
浦东新区锦康路389弄,31.209511,121.536289
浦东新区周秀路118弄,31.099961,121.605285
浦东新区三林路359弄,31.138994,121.498615
浦东新区居家桥路737弄,31.247486,121.570958
浦东新区建中路461弄,31.19942,121.610543
浦东新区世纪大道1239号,31.229274,121.528011
浦东新区孙耀路128弄,31.18509,121.633725
浦东新区陈春东路120号,31.175076,121.560533
浦东新区沪南路1391弄,31.173609,121.558102
浦东新区严民路248弄,31.188786,121.530666
浦东新区博山东路553弄,31.255232,121.568917
浦东新区栖山路1555弄,31.257609,121.56501
浦东新区方竹路789弄,30.894119,121.900617
浦东新区北新园路460弄,31.320014,121.626674
浦东新区法赛路518号,31.314279,121.620886
浦东新区玉兰路99弄,31.204265,121.548496
浦东新区杨桥村西计家宅,31.189296,121.57666
浦东新区星辰苑,31.202361,121.550182
浦东新区新环西路58弄,31.016521,121.641518
浦东新区舒馨北苑,31.191481,121.667315
浦东新区鹤洁路625弄,31.070116,121.60571
浦东新区申城佳苑二期,31.18244,121.633973
浦东新区华夏二路1455弄,31.173362,121.692569
浦东新区益江路126弄,31.201265,121.633199
浦东新区益江路396弄,31.198919,121.626818
浦东新区建中路126弄,31.203366,121.613478
浦东新区城南路303弄,31.041618,121.750908
浦东新区东方路1881弄,31.199175,121.521789
浦东新区东靖路2250弄,31.28923,121.611155
浦东新区寿光路161弄,31.274435,121.583951
浦东新区西林村洪家新宅,31.134078,121.49802
浦东新区康新公路4333号,31.113811,121.619681
浦东新区博山东路440弄,31.252103,121.568457
浦东新区和佳路105弄,31.128383,121.513014
浦东新区栖山路1636弄,31.257815,121.568141
浦东新区顾三村陶家宅,31.123296,121.683447
浦东新区云汉路1338弄,30.912343,121.799261
浦东新区池月路847弄,30.910814,121.813703
浦东新区芦云路201弄,30.874824,121.858639
浦东新区芦潮路128弄,30.862382,121.854929
浦东新区紫晶苑,31.175766,121.623784
浦东新区听达路185弄,31.071297,121.754942
浦东新区盛夏路1107弄,31.197962,121.634816
浦东新区中界村顾家宅,31.188961,121.576986
浦东新区玉兰香苑,31.201341,121.633158
浦东新区民乐村,31.060557,121.735912
浦东新区华盛新村,31.047313,121.751917
浦东新区世博家园大道站路94弄,31.163185,121.534966
浦东新区拱海路79弄,31.069595,121.736569
浦东新区惠东路342弄,31.042896,121.770968
浦东新区成山路24弄,31.168014,121.485722
浦东新区下南路526弄,31.171248,121.538418
浦东新区听悦路1200弄,31.06413,121.739162
浦东新区沈家弄路810弄,31.238086,121.5437
浦东新区迅建村季家厅,31.279645,121.687359
浦东新区沈西村,31.090126,121.565602
浦东新区康沈路1527弄,31.118336,121.576405
浦东新区华夏东路1349弄,31.198185,121.675579
浦东新区沪南公路2688弄,31.13806,121.566897
浦东新区御桥路269弄,31.151985,121.534835
浦东新区灵山路1415弄,31.238864,121.562475
浦东新区民生路423号,31.240174,121.543117
浦东新区浦建路160号,31.207194,121.522449
浦东新区下南路370弄,31.17009,121.539472
浦东新区银山路72弄,31.242456,121.578621
浦东新区张杨路2238弄,31.240298,121.557696
浦东新区昱星家园,31.081831,121.59358
浦东新区南新村吴家宅,30.87171,121.7887
浦东新区杨南路1899弄,31.15766,121.517847
浦东新区牡丹路145弄,31.208064,121.54477
浦东新区临沂路101弄,31.195399,121.514092
浦东新区鹏飞路333弄,31.171562,121.557363
浦东新区众鑫白领公寓,31.21633,121.520804
浦东新区航南路900弄,31.329106,121.588629
浦东新区跃进路48弄,31.046644,121.754587
浦东新区鹏飞路411弄,31.171023,121.556073
浦东新区南新小区,31.169933,121.541405
浦东新区下南路东钟家宅,31.16645,121.542313
浦东新区下南路320弄,31.1687,121.540558
浦东新区莲溪路1099弄,31.173237,121.565915
浦东新区北中路480弄,31.183912,121.56328
浦东新区联勤村冯桥队张家宅,31.168369,121.551406
浦东新区五莲路780弄,31.268663,121.590839
浦东新区新行路433弄,31.294706,121.613882
浦东新区下南路386号,31.170422,121.540399
浦东新区博华路1018弄,31.17073,121.551217
浦东新区姚家宅,31.184603,121.576303
浦东新区赵家厍,31.170047,121.538312
浦东新区潘姚村庄家队龚家宅,31.182155,121.577191
浦东新区下南路115弄,31.16603,121.54365
浦东新区西钟家宅,31.166262,121.541115
浦东新区下南路225弄,31.168181,121.542803
浦东新区五星村陈家队陈家宅,31.191891,121.567638
浦东新区五星村顾家宅,31.188961,121.576986
浦东新区新浦路543弄,31.16978,121.53039
浦东新区鹏飞路51弄,31.175325,121.554665
浦东新区莲园路100弄,31.183565,121.548138
浦东新区北艾路1660弄,31.18123,121.523477
浦东新区绿林路50弄,31.174109,121.546916
浦东新区莲振路269号,31.16797,121.567856
浦东新区新浦路350弄,31.171781,121.534702
浦东新区杨高南路2877弄,31.175669,121.519493
浦东新区新浦路477弄,31.170571,121.53333
浦东新区沪南路2000号,31.164559,121.560994
浦东新区钱塘村三多队,31.157408,121.608091
浦东新区峨山路681弄,31.213734,121.519436
浦东新区下南路161弄,31.16703,121.544424
浦东新区京浦路82弄,31.152818,121.565403
浦东新区康花新村,31.14879,121.544863
浦东新区锦绣路1650弄,31.21117,121.539673
浦东新区北中路383弄,31.184906,121.559531
浦东新区临沂北路255弄,31.203189,121.518756
浦东新区康杉路359弄,31.151713,121.561527
浦东新区中界村黄家宅,31.182043,121.57091
黄浦区蒙自路601弄,31.199812,121.480806
黄浦区新闸路218号,31.238741,121.469256
黄浦区顺昌路612弄23号,31.210889,121.479288
黄浦区顺昌路612弄25号,31.210945,121.479183
黄浦区建国东路37弄3号,31.213483,121.480294
黄浦区顺昌路598号,31.211184,121.479605
黄浦区斜土路550弄,31.203022,121.476442
黄浦区蓬莱路388弄,31.216034,121.487811
黄浦区安澜路13弄,31.215945,121.486659
黄浦区黄家阙路76弄,31.214799,121.487545
黄浦区打浦路339弄133号,31.200367,121.47451
黄浦区瑞金南路333弄,31.198558,121.469427
静安区高平路774弄,31.291281,121.428433
静安区原平路1028弄,31.297949,121.430443
静安区汶水路649弄,31.289741,121.430108
静安区江场西路1336弄,31.29704,121.434338
静安区江场西路1430号,31.296607,121.425498
静安区中山北路814弄,31.259443,121.458184
静安区中兴路1377弄,31.253496,121.460949
静安区普善路177弄,31.256247,121.456536
静安区大统路938弄,31.255455,121.458814
静安区康定东路13弄,31.237174,121.457433
静安区武定路44弄,31.237026,121.458275
静安区普善路铁路新村12号,31.255786,121.454338
静安区普善路铁路新村29号,31.25653,121.453953
静安区中华新路836号,31.253902,121.457101
静安区沪太路315弄,31.255129,121.453117
静安区中华新路939弄,31.254824,121.45607
静安区普善路128弄,31.2559,121.455966
静安区中华新路893弄,31.254305,121.456041
静安区海防路100弄,31.240614,121.448639
静安区平型关路801弄,31.278203,121.459887
静安区少年村路479号,31.30012,121.4297
徐汇区梅陇路565弄,31.136984,121.416554
徐汇区上中路55弄,31.137013,121.437801
徐汇区龙吴路1343弄,31.137071,121.450089
徐汇区小木桥路440弄,31.194036,121.459
徐汇区苍梧路468弄,31.178364,121.411116
徐汇区古美路1107弄,31.154419,121.398228
徐汇区东兰路51弄,31.157321,121.401647
徐汇区漕溪北路38号,31.192998,121.437206
徐汇区复兴中路1373号,31.210567,121.450425
徐汇区桂林东街150弄,31.157133,121.424022
徐汇区龙华西路21弄,31.168365,121.449848
长宁区法华镇路457弄,31.204682,121.426963
长宁区安化路508号,31.216086,121.42003
长宁区江苏路320弄,31.219443,121.430582
长宁区东诸安浜路158弄,31.218461,121.433532
长宁区幸福路381弄,31.20919,121.431085
长宁区延安西路688弄,31.216251,121.433924
长宁区水城南路51弄,31.195369,121.393019
长宁区中华新村,31.199016,121.417163
长宁区愚园路1240号,31.220005,121.426
长宁区华山路1615号,31.203566,121.434762
长宁区昭化路518弄,31.210686,121.420383
普陀区武威东路479弄,31.27484,121.398039
普陀区黄陵路151弄,31.260647,121.426632
普陀区曹杨七村,31.242069,121.409012
普陀区石泉六村,31.254981,121.427536
普陀区真南路744弄,31.260447,121.404817
普陀区子长路77弄,31.262479,121.434478
普陀区昌化路994弄,31.245859,121.445302
普陀区常德路1258弄,31.241639,121.43712
普陀区志丹路246号,31.264068,121.431125
普陀区远景路97弄,31.25237,121.448162
普陀区东新路355弄,31.238634,121.423925
普陀区中山北路3663号,31.227663,121.406829
普陀区西乡路75号,31.26744,121.426398
虹口区四川北路1774弄,31.259362,121.484184
虹口区凉城路126弄,31.281354,121.469855
虹口区广灵二村,31.285808,121.478483
虹口区水电路680号,31.282975,121.475698
虹口区吴淞路407弄,31.250575,121.488435
虹口区四达路220弄,31.267966,121.486705
虹口区东大名路888弄,31.249907,121.504179
虹口区海宁路100号,31.253352,121.489273
杨浦区怀德路348号,31.25491,121.527725
杨浦区江浦路1057弄,31.267035,121.521449
杨浦区隆昌路700弄,31.283085,121.53787
杨浦区闸殷路75弄,31.335538,121.530568
杨浦区敦化路2弄,31.287259,121.542131
宝山区宝菊路22弄,31.345011,121.368115
宝山区宝钢十一村,31.410407,121.484647
宝山区长临路1318弄,31.33072,121.43197
宝山区泰兴桥220号,31.367228,121.481772
宝山区真陈路778号,31.299595,121.346151
宝山区新沪路1059弄,31.27417,121.418075
宝山区聚丰园路188弄,31.314682,121.3826
闵行区安乐村,31.029331,121.410917
闵行区报春路748弄,31.121699,121.380207
闵行区报春路816弄,31.121386,121.377703
闵行区报春路863弄,31.119024,121.375612
闵行区曹家塘路390弄,31.043678,121.443367
闵行区柴塘北路38号,31.22561,121.294875
闵行区昌林路430号,31.064911,121.517794
闵行区澄江路1530号,31.079315,121.43628
闵行区春申路1985弄,31.111593,121.423747
闵行区春申路3799弄18支弄,31.099028,121.387528
闵行区董家队,31.112813,121.381709
闵行区都会路258号,31.037047,121.431427
闵行区富岩路230弄,31.030293,121.372162
闵行区富岩路335弄,31.03291,121.369671
闵行区共和村,31.049725,121.464682
闵行区顾戴路3100弄,31.12826,121.350415
闵行区航北路180弄,31.175287,121.356295
闵行区航东路528弄,31.176727,121.354693
闵行区虹梅南路1526弄,31.11837,121.43386
闵行区虹梅南路1660弄,31.11506,121.428667
闵行区虹梅南路1661弄,31.114543,121.425901
闵行区虹梅南路1700弄,31.137666,121.4133
闵行区虹梅南路3509弄,31.083273,121.437744
闵行区虹莘路3333弄,31.161827,121.374893
闵行区沪光路39弄,31.079055,121.421174
闵行区沪闵路1351弄,31.131543,121.401072
闵行区纪翟南路165号,31.203998,121.300313
闵行区剑川路121弄,31.04174,121.470146
闵行区剑川路198弄,31.04203,121.462398
闵行区剑川路综合服务中心工地宿舍,31.193275,121.319076
闵行区江川路241弄,31.004563,121.421852
闵行区江川路633弄,31.000845,121.404031
闵行区金平路337弄,31.013539,121.410718
闵行区景联路965弄,31.099131,121.435045
闵行区兰坪路301弄22支弄,31.009304,121.420251
闵行区黎安路551弄,31.128797,121.370194
闵行区联青路135弄,31.041436,121.384041
闵行区联青路699弄,31.038522,121.379757
闵行区龙吴路4787弄,31.066102,121.460077
闵行区龙吴路5530弄,31.043506,121.465955
闵行区龙吴路5599弄,31.039709,121.46782
闵行区罗锦路258弄,31.121766,121.411827
闵行区罗锦路69号,31.124415,121.420229
闵行区罗锦路83号,31.123444,121.418642
闵行区罗锦路85号,31.123383,121.418457
闵行区罗秀路1501号,31.127378,121.414296
闵行区罗秀路1955弄,31.127079,121.4033
闵行区罗秀路1980弄,31.129105,121.404379
闵行区民建村,31.095645,121.455265
闵行区南江燕路229弄,31.077502,121.502801
闵行区浦江路190号,30.99918,121.42708
闵行区浦连路388弄,31.055187,121.53599
闵行区浦泉路399弄,31.101127,121.500185
闵行区普杰路69弄,31.116028,121.421772
闵行区普乐路425弄,31.114727,121.423583
闵行区上中西路1011弄,31.12889,121.411201
闵行区上中西路711号,31.131168,121.418137
闵行区上中西路735弄,31.131066,121.418019
闵行区莘东路399弄,31.111467,121.374324
闵行区莘东路51弄,31.104819,121.378914
闵行区莘松路958弄,31.106292,121.354016
闵行区莘朱路1365号,31.119981,121.418215
闵行区莘朱路1935弄,31.109922,121.391078
闵行区曙建路185弄,31.090802,121.419309
闵行区曙建路51弄,31.09279,121.421396
闵行区五一村,31.106417,121.42939
闵行区祥云路18号,30.991867,121.368473
闵行区向阳路228弄,31.07584,121.4376
闵行区新镇街1058弄,31.066628,121.315413
闵行区许泾村,31.08005,121.437582
闵行区盐铁塘路435弄,31.03456,121.506107
闵行区益文路101弄,31.136963,121.410947
闵行区银春路1800弄,31.027719,121.394696
闵行区银都路666弄,31.106719,121.439477
闵行区银林路100弄,31.021039,121.388565
闵行区永德路369弄,31.039236,121.460261
闵行区永跃路555弄,31.031093,121.509801
闵行区元和路181弄,31.051331,121.383232
闵行区元江路4600弄,31.043901,121.377677
闵行区元江路4805弄,31.039377,121.372927
闵行区镇西路515弄,31.134535,121.409146
闵行区诸翟镇西街97弄,31.20426,121.29512
闵行区颛盛路135弄,31.063442,121.398335
闵行区颛兴路748弄,31.064905,121.386169
"嘉定区3月20日,嘉定区新增1例本土确诊病例、39例无症状感染者,分别居住于：",31.375602,121.2653
嘉定区嘉定工业区灯塔村,31.43632,121.172037
嘉定区城中街26号,31.384477,121.250476
嘉定区芳林路1357弄,31.313874,121.306645
嘉定区曹安公路1978弄,31.273551,121.26939
嘉定区曹安公路2300弄,31.261423,121.341815
嘉定区建华路64号,31.271006,121.35031
嘉定区靖远路742弄,31.254232,121.328548
嘉定区海川路58弄,31.264539,121.349248
嘉定区丰庄北路151弄,31.25035,121.359293
嘉定区汇德路668号,31.389608,121.168695
嘉定区慈竹路175弄,31.369524,121.217665
嘉定区胜竹路1760弄,31.40435,121.257779
嘉定区永靖路501弄,31.401496,121.257936
嘉定区宝安公路2888弄,31.337776,121.296236
嘉定区双单路北和德立路东交叉口工地,31.340265,121.275402
嘉定区伊宁路合作路交叉口工地,31.32942,121.214441
嘉定区朱家桥746号,31.407594,121.189967
嘉定区宝钱公路嘉朱公路757号,31.410986,121.192408
嘉定区安亭镇联群村、泥岗村,31.26257,121.201146
嘉定区马陆镇骏丰玲珑坊西苑,31.319419,121.273935
嘉定区南翔镇新丰村,31.320641,121.301795
嘉定区江桥镇五四村、增建村,31.242066,121.290151
嘉定区嘉定工业区黎明村、战斗村,31.422394,121.223194
嘉定区华亭镇唐行石村、毛桥村,31.472256,121.251488
嘉定区真新街道丰庄二村,31.245698,121.364408
金山区五星村蒋浜,30.842374,121.048705
金山区泾波路219弄,30.89262,121.014425
金山区枫湾路500弄,30.896913,121.028005
金山区龙皓路2039弄,30.726632,121.315675
金山区桑园村,30.793064,121.310438
金山区西静路1151弄,30.739127,121.311344
金山区贵泾村成功,30.872915,121.095098
金山区和溪园,30.828573,121.24205
金山区新苑小区,30.877233,121.088323
松江区申港路50弄,31.072066,121.353851
松江区欣浪路888弄,30.996851,121.277776
松江区城隆路1258弄,31.096941,121.235397
松江区荣乐中路86弄,31.018916,121.23354
松江区盈港路1750号,31.160403,121.094446
松江区城中北路40弄,31.152265,121.110681
松江区前明村,31.155503,121.261642
松江区叶港村,31.032243,121.227747
松江区南奉公路3111弄,30.923173,121.574077
松江区西闸公路1358弄,30.991116,121.440599
松江区钜庭路66弄,30.918087,121.416634
松江区泰南新村,30.979223,121.562629
松江区大桥村,31.032243,121.227747
松江区秀韵路105弄,30.934345,121.520597
松江区蔡家桥村,31.032243,121.227747
松江区庆园路189弄,30.954852,121.487934
松江区崇明区南海村,31.520143,121.690783
嘉定区增建村,31.242066,121.290151
嘉定区嘉定工业区黎明村,31.393459,121.183638
嘉定区毛桥村,31.472256,121.251488
嘉定区新丰村,31.320641,121.301795
嘉定区旺泾村,31.41661,121.186563
嘉定区泥岗村,31.26257,121.201146
嘉定区灯塔村,31.43632,121.172037
嘉定区红光村,31.271852,121.297377
嘉定区陆渡村,31.462046,121.197633
宝山区白杨村,31.342179,121.396289
宝山区羌家村,31.357376,121.385992
松江区光联村,31.164543,121.317659
松江区南海村,31.032243,121.227747
松江区四滧村,31.032243,121.227747
松江区小漾村,31.032243,121.227747
松江区庄家村,31.058233,121.11138
松江区赵巷村,31.145242,121.193647
金山区金光村,30.786944,121.391311
闵行区光继村,31.002635,121.5344
闵行区塘口村,31.08824,121.48053
闵行区塘湾村,31.055206,121.442667
闵行区新建村,31.064286,121.444154
闵行区曹中村,31.088564,121.432971
闵行区汇东村,31.017374,121.560905
闵行区芦胜村,31.107911,121.480641
闵行区银林路1002弄,31.01731,121.37046
嘉定区吴杨路100弄,31.269713,121.296696
徐汇区康健路100弄,31.165332,121.427054
闵行区浦涛路100弄,31.051983,121.542202
静安区场中路1011弄,31.307062,121.465078
普陀区曹杨路1021号,31.244034,121.408836
闵行区申滨路1058弄,31.210411,121.310212
闵行区新镇路1060弄,31.155334,121.360553
普陀区武威路1087弄,31.28126,121.351491
闵行区山花路108弄,31.121535,121.383198
闵行区水清路1100弄,31.129228,121.375878
普陀区真南路1111号,31.270386,121.377845
闵行区新龙路1111弄,31.151837,121.340774
闵行区疏影路1111弄,31.11667,121.359284
虹口区花园路118弄,31.270918,121.474397
长宁区愚园路1240弄,31.218852,121.428271
松江区新南路1259弄,31.087072,121.335088
普陀区华联路130弄,31.275816,121.347782
徐汇区龙吴路1323弄,31.139622,121.449909
闵行区顾戴路1325弄,31.136336,121.384931
普陀区梅川路1333弄,31.242454,121.376067
松江区诸光路1355弄,31.18157,121.300978
虹口区水电路1381弄,31.297827,121.477361
普陀区新村路1388弄,31.265648,121.41314
普陀区梅川路141弄,31.238275,121.402051
闵行区漕宝路1467弄,31.160702,121.383619
松江区莘松路1500弄,31.097157,121.338842
闵行区同乐路151弄,31.124295,121.418628
松江区诸光路1588弄,31.184871,121.301785
嘉定区环城路160弄,31.39428,121.255451
徐汇区龙吴路1727弄,31.131026,121.451199
闵行区莘朱路1760弄,31.122032,121.419999
徐汇区古宜路180弄,31.187308,121.425816
闵行区七莘路1818弄,31.138462,121.362861
长宁区古北路181弄,31.214525,121.399867
杨浦区包头路186号,31.310717,121.53879
普陀区靖边路199弄,31.2608,121.367134
黄浦区局门路1弄1号,31.208934,121.479934
松江区运河路200弄,30.922516,121.469562
杨浦区怀德路201弄,31.253574,121.528165
嘉定区大北街208号,31.430151,121.213622
嘉定区汇源路218弄,31.416815,121.204575
徐汇区斜土路2200弄,31.191242,121.450248
闵行区永德路228弄,31.04359,121.461928
闵行区尚义路229弄,31.042014,121.450682
宝山区顾陈路231弄,31.341572,121.393729
闵行区放鹤路2323弄,31.045059,121.422177
徐汇区龙华路2373弄,31.181675,121.452287
徐汇区龙吴路2388弄,31.122769,121.458912
闵行区江川路248弄,31.008149,121.419964
普陀区真金路250弄,31.267821,121.40555
长宁区金钟路255弄,31.219777,121.366467
闵行区中春路255号,31.025637,121.399977
松江区涞坊路288弄,31.155537,121.31618
嘉定区安虹路299弄,31.280223,121.197921
松江区影振路299弄,31.004635,121.310207
闵行区永颂路299弄,31.031555,121.500089
徐汇区华济路2弄,31.116456,121.462199
黄浦区马当路306弄27号,31.21692,121.47362
黄浦区大吉路310弄1号,31.213039,121.481837
闵行区沪闵路3131弄,31.055332,121.410061
黄浦区打浦路316弄2号,31.199581,121.471381
静安区余姚路321弄,31.234634,121.438155
闵行区吴河路328号,31.043082,121.43129
嘉定区海波路333弄,31.266444,121.341015
长宁区金钟路333弄,31.219136,121.362676
闵行区龙吴路3355号,31.0942,121.455406
闵行区向阳路350号,31.046161,121.751176
闵行区富国路355弄,31.024152,121.378184
普陀区金迈路358弄,31.288285,121.328516
徐汇区宾南路36弄,31.161779,121.43668
宝山区沪太路3717弄,31.344204,121.400656
静安区会文路3号,31.250905,121.473216
闵行区碧江路401弄,31.011848,121.403048
黄浦区安澜路41号,31.215868,121.486368
普陀区新村路424号,31.26591,121.432721
松江区育才路42弄,31.079243,121.265678
闵行区昌林路430弄,31.064896,121.518031
宝山区沪太路4332号,31.340101,121.395732
黄浦区牌楼路43弄,31.213424,121.486806
普陀区雪松路458弄,31.287625,121.352392
黄浦区斜土路460弄,31.203162,121.477692
黄浦区斜土路460弄19号,31.203216,121.47775
黄浦区新昌路477弄,31.23821,121.466753
闵行区瓶北路479弄,31.051077,121.396932
闵行区虹中路480弄,31.186642,121.380759
闵行区黎安路486号,31.130148,121.371781
嘉定区恒飞路488弄,31.366986,121.160671
闵行区东川路500号,31.031449,121.45372
宝山区沙浦路518弄,31.35619,121.3822
普陀区绿杨路51弄,31.285304,121.347474
宝山区宝荻路535弄,31.360939,121.395686
闵行区永跃路550弄,31.031153,121.510304
松江区华腾路555弄,31.236913,121.228634
虹口区虹湾路55号,31.313308,121.471937
嘉定区高台路560弄,31.352234,121.253736
长宁区新华路569弄106支弄,31.202505,121.42072
黄浦区顺昌路580号,31.211564,121.479515
黄浦区顺昌路594号,31.211293,121.479553
嘉定区环城路600弄,31.39418,121.251702
黄浦区顺昌路612弄40号,31.21116,121.479168
黄浦区顺昌路612弄44号,31.211069,121.479139
闵行区虹井路618弄,31.184977,121.370947
闵行区瑞丽路61弄,31.004167,121.409732
嘉定区南新路626弄,31.42756,121.216879
长宁区绥宁路628号（公寓）,31.215571,121.345043
宝山区城银路655弄,31.315892,121.349194
嘉定区塔城路688弄,31.374785,121.238724
长宁区金钟路68弄,31.219823,121.369889
闵行区永德路700弄,31.043281,121.453397
虹口区运光路71弄,31.290211,121.495302
闵行区疏影路758弄,31.120912,121.367945
松江区西闸路75号,30.99512,121.433803
虹口区奎照路786弄,31.29991,121.469305
闵行区富卓路789弄,31.025126,121.380541
金山区清泉路79号,30.888987,121.178423
嘉定区临夏路800弄,31.257933,121.328457
嘉定区秋竹路801弄,31.382598,121.218408
闵行区紫光路801弄,31.011477,121.448169
松江区盛龙路817号,31.11998,121.310385
黄浦区思南路82弄,31.209648,121.470261
黄浦区丽园路842弄33号,31.205381,121.476635
徐汇区五原路84弄,31.213894,121.447264
长宁区新华路84弄,31.202026,121.430738
嘉定区娄塘路864弄,31.4305,121.21715
黄浦区丽园路871号,31.206883,121.476122
闵行区江柳路888弄,31.099966,121.485463
嘉定区嘉涌路88号,31.269352,121.336998
松江区赵华路89弄,31.15304,121.206471
静安区原平路917弄,31.295041,121.429561
徐汇区清真路99弄,31.198381,121.458396
宝山区朱家弄村,31.340654,121.387598
宝山区陈家行村,31.327409,121.350617
徐汇区凯旋一村,31.193372,121.424595
徐汇区梅陇四村,31.136436,121.421361
徐汇区田林三村,31.17026,121.42213
徐汇区龙南五村,31.15521,121.454027
普陀区宜川三村,31.258085,121.442705
松江区江南大道,30.953912,121.257023
浦东新区卫行村,31.164888,121.581392
浦东新区外灶村,30.950383,121.869515
浦东新区新振村,30.943371,121.832079
浦东新区明纶园,31.145559,121.564215
浦东新区秀龙村,31.126242,121.562722
浦东新区花墙村,31.148377,121.549112
虹口区广中五村,31.277812,121.47656
闵行区梅陇二村,31.131153,121.411615
闵行区西环二村,31.103265,121.365846
浦东新区金高路1051弄,31.282681,121.611158
浦东新区富航路105号,31.032563,121.59675
浦东新区海阳路1065弄,31.15926,121.505373
浦东新区东绣路1086弄,31.19933,121.53629
浦东新区浦建路1086弄,31.206108,121.537816
黄浦区蒙自西路10号,31.207026,121.474715
闵行区莲花南路1111弄,31.107577,121.411089
浦东新区张杨路1133弄,31.231766,121.529151
浦东新区博兴路1185弄,31.267441,121.594806
浦东新区凌兆路127弄,31.14247,121.492782
浦东新区丁香路1299弄,31.231759,121.564125
松江区新府中路1331弄,31.225894,121.230049
闵行区老沪闵路1351弄,31.113112,121.433718
杨浦区国权北路1450弄,31.336067,121.500785
闵行区老沪闵路1498弄,31.110169,121.434516
黄浦区蒙自西路14号,31.20764,121.476852
浦东新区康杉路151弄,31.151185,121.56104
虹口区四川北路1545弄,31.255747,121.482073
闵行区莲花南路155弄,31.131464,121.406116
浦东新区北艾路1765弄,31.177993,121.523338
浦东新区国展路1765号工地,31.178216,121.476242
浦东新区民同路176弄,31.271735,121.65144
闵行区虹梅南路1781弄,31.106884,121.428221
闵行区闵驰一路197弄,31.03959,121.543288
浦东新区乳山路200弄,31.237823,121.528932
黄浦区中山南路200号10号楼,31.222625,121.500975
浦东新区福缘路219弄,31.036282,121.75666
浦东新区金杨路220弄,31.246884,121.575133
闵行区曹家塘路220弄,31.041642,121.446006
闵行区老沪闵路2259弄,31.092859,121.414509
黄浦区五里桥路235弄,31.203883,121.480164
浦东新区拱极路2368弄29支弄,31.053932,121.77703
闵行区浦驰南路238弄,31.068628,121.50504
浦东新区五星路239弄,31.175563,121.56445
虹口区天宝西路252弄,31.272928,121.492507
松江区九亭大街254号,31.132633,121.335801
闵行区虹梅南路2555弄,31.098125,121.429964
浦东新区牡丹路259弄,31.208407,121.549881
浦东新区拱为路2600弄,31.05806,121.739873
静安区芷江西路285弄,31.258332,121.460769
徐汇区桂林东街28弄,31.154582,121.42351
浦东新区陈春路299号,31.171704,121.549874
浦东新区下南路309弄,31.169203,121.543241
徐汇区桂林西街30弄,31.154132,121.418079
浦东新区严杨路30弄,31.192854,121.526912
浦东新区芳华路310弄,31.194854,121.557653
浦东新区康士路31号,31.150664,121.563644
浦东新区绿林路320弄,31.170084,121.547503
嘉定区华江支路328弄,31.259804,121.340646
浦东新区碧云路333弄,31.238108,121.57735
浦东新区牡丹路343号,31.208099,121.550003
长宁区天山西路350弄,31.218926,121.366726
浦东新区御山路360号,31.155701,121.567215
浦东新区顾全路379号,31.171553,121.539525
浦东新区顾全路381号,31.171591,121.5395
浦东新区锦绣路3841弄,31.16768,121.546624
浦东新区御北路385号,31.158173,121.557529
浦东新区康沈路400弄,31.139947,121.570875
徐汇区冠生园路403弄,31.162282,121.424058
浦东新区严民路40弄,31.192572,121.527523
黄浦区瑞金二路410弄11号,31.206752,121.465844
浦东新区芳华路411弄,31.196151,121.55854
闵行区天山西路4178弄,31.217057,121.306017
松江区米筛浜路475弄,31.128656,121.213639
浦东新区下南路500弄,31.172119,121.539027
浦东新区康弘路508弄,31.123002,121.60117
浦东新区绿林路51弄,31.17463,121.548717
静安区芷江西路521弄,31.256886,121.456477
浦东新区三彩路52弄,31.12623,121.4973
浦东新区银峰路549弄,31.266296,121.689583
浦东新区下南路551弄,31.173295,121.542023
松江区陈春公路555弄,31.076838,121.356213
浦东新区御水路555弄,31.154506,121.577463
浦东新区上南路5588号,31.124859,121.527175
浦东新区沪南路577弄,31.18963,121.552838
浦东新区东波路58弄,31.284098,121.576785
闵行区龙州南路58弄,31.123814,121.430161
静安区芷江西路593弄,31.256927,121.454893
徐汇区大木桥路599弄,31.193833,121.464664
松江区崇南公路599弄,31.02547,121.139602
松江区涞亭北路600弄,31.156137,121.326667
浦东新区严杨路60弄,31.193675,121.528291
浦东新区宣中路621弄,31.024215,121.705322
嘉定区嘉唐公路626号,31.408217,121.235842
松江区新奉公路6328号,31.032243,121.227747
浦东新区浦三路635弄,31.189195,121.518066
静安区康定东路63弄,31.237245,121.456612
徐汇区老沪闵路666弄,31.145062,121.428984
浦东新区新浦路673弄,31.16978,121.53039
浦东新区杨南路689弄,31.153099,121.500755
浦东新区御衡路68弄,31.154037,121.58188
浦东新区鹏岳路70弄,31.174258,121.553103
黄浦区蒙自西路72弄1号,31.207318,121.474869
闵行区上中西路738弄,31.13216,121.416987
黄浦区复兴东路740号,31.221418,121.490673
浦东新区瑞浦路77弄,31.097959,121.587598
闵行区虹梅南路788号,31.125801,121.422853
浦东新区寿光路78弄,31.272589,121.585964
浦东新区紫叶路81弄,31.183365,121.551123
松江区盈港东路8300弄,31.162006,121.140071
静安区西藏北路853弄,31.256828,121.467418
闵行区上中西路855弄,31.129428,121.415478
浦东新区周康路868弄,31.101454,121.573103
浦东新区康锦路88弄,31.038244,121.766201
徐汇区钦州南路8弄,31.162025,121.428738
浦东新区莲园路8弄,31.18449,121.54234
松江区陈春公路911弄,31.064633,121.33284
浦东新区御青路918弄,31.152805,121.571506
闵行区上中西路925弄,31.128881,121.412519
浦东新区博华路980弄,31.171952,121.551031
长宁区娄山关路988号,31.216188,121.406528
闵行区莲花南路988弄,31.110924,121.407096
浦东新区顾家宅98号,31.342882,121.568585
浦东新区御青路999弄,31.154516,121.573796
浦东新区柳杉路99弄,31.223872,121.568147
嘉定区马陆汽配城,31.323924,121.265123
徐汇区化工二三村,31.138213,121.417418
徐汇区梅陇十一村,31.132682,121.427352
徐汇区田林十三村,31.177088,121.428155
松江区海滨新一村,31.350814,121.582244
浦东新区万祥馨苑,30.829815,121.239754
浦东新区上钢一村,31.172497,121.493057
浦东新区乳山四村,31.234,121.520194
浦东新区崂山新村,31.238177,121.519698
浦东新区微山新村,31.20944,121.515364
浦东新区莲溪二村,31.184925,121.559522
浦东新区阳光二村,31.24586,121.551599
长宁区东诸安浜路103号,31.217919,121.434348
黄浦区中山南一路1109弄1号,31.19554,121.470742
徐汇区天钥桥南路1249弄,31.151855,121.457862
浦东新区浦东大道1539号,31.243928,121.538459
浦东新区浦东大道1585弄,31.244806,121.540905
浦东新区浦东南路2054弄,31.211039,121.516593
松江区沪青平公路2103弄,31.157626,121.261848
浦东新区玉盘北路281弄,31.22541,121.673798
浦东新区杨高南路3288弄,31.168118,121.515722
浦东新区昌里东路411弄,31.179802,121.512745
浦东新区浦东大道501弄,31.242792,121.518095
浦东新区新雅东路51弄,31.237262,121.686817
浦东新区永宁东路540弄,30.969261,121.74705
浦东新区华夏西路5778号,31.166133,121.580603
浦东新区周东南路599弄,31.098451,121.592288
浦东新区环林西路608弄,31.140028,121.521692
松江区外青松公路6161弄,31.096838,121.189741
浦东新区环林西路618弄,31.139647,121.522381
浦东新区南门大街70弄,31.044092,121.75629
浦东新区华夏东路858弄,31.194685,121.665469
浦东新区陈春东路88弄,31.175139,121.559609
浦东新区沈家弄路901弄,31.238901,121.546809
浦东新区陈春东路99弄,31.175747,121.560259
嘉定区南翔镇永丰村,31.300572,121.283904
嘉定区安亭镇老宅村,31.28696,121.225509
嘉定区徐行镇徐行村,31.419314,121.274294
浦东新区北蔡姚家宅,31.184603,121.576303
浦东新区新舒苑北苑,30.978852,121.86417
浦东新区果园银杏村,31.202757,121.557347
嘉定区马陆镇马陆塘街,31.334687,121.2852
浦东新区中界村周家宅,31.189333,121.567958
浦东新区中界村沈家宅,31.18907,121.521409
浦东新区中界村苏家宅,31.184798,121.570671
浦东新区丰新村顾家宅,31.342882,121.568585
浦东新区北蔡镇顾家村,31.235997,121.711589
浦东新区和平村朱家宅,30.985554,121.841661
浦东新区御桥村姚家宅,31.184603,121.576303
浦东新区新营村顾家宅,31.204419,121.715223
浦东新区杨莲路张家宅,31.16502,121.54994
浦东新区联勤村麦家宅,31.164159,121.547802
浦东新区长元村沈家宅,31.166853,121.645307
静安区普善路铁路新村18号,31.256097,121.454871
嘉定区嘉定工业区草庵村,31.450218,121.214651
浦东新区下南路西钟家宅,31.166262,121.541115
浦东新区南新村东钟家宅,31.16645,121.542313
浦东新区唐四村黄家东宅,31.218499,121.667966
浦东新区天花庵村卫家队,31.127221,121.526015
浦东新区御桥村东印家圈,31.168008,121.558022
嘉定区嘉定镇街道桃园小区,31.387905,121.244538
浦东新区中界村庄家队蔡家宅,31.078007,121.798289
浦东新区五星村徐家队奚家宅,31.220412,121.696884
浦东新区康安路御北路交叉口北侧工地,31.15801,121.559153
浦东新区杨莲路和博华路交界工地生活区,31.204722,121.548595
浦东新区凌河路354弄,31.273567,121.599269
浦东新区西林村洪家队洪家新宅,31.133457,121.497626
浦东新区联勤村冯家队冯家宅,31.165054,121.550328
浦东新区中界村复兴队北宅,31.187785,121.57172
浦东新区联勤村张家队张家宅,31.168015,121.547655
浦东新区听悦路686弄,31.054704,121.738723
浦东新区联勤村李家队李家宅,31.161785,121.551071
浦东新区俱进路505弄,31.301693,121.613105
浦东新区竹柏路100弄,30.903091,121.913866
浦东新区横桥村,31.098278,121.582002
浦东新区新陈路25弄,31.178856,121.55755
浦东新区云山路999弄,31.251187,121.572749
浦东新区芳草路258号,31.193119,121.556517
浦东新区六里新村,31.18354,121.51912
浦东新区张杨路77弄,31.225882,121.508278
浦东新区环桥路1137弄,31.135994,121.602303
浦东新区仁怡苑,31.141287,121.622679
浦东新区五星路151弄,31.173931,121.562462
浦东新区长元村曹家宅,31.166853,121.645307
浦东新区叠桥路456弄,31.129894,121.623744
浦东新区周浦镇北油车弄,31.117217,121.578937
浦东新区上钢六村,31.174127,121.494585
浦东新区沪南路911号,31.183568,121.556085
浦东新区长泰东郊御园,31.024367,121.589713
浦东新区花山路481弄,31.347624,121.571815
浦东新区德州六村（高层）,31.166232,121.492849
浦东新区杨莲路171号,31.169874,121.554829
浦东新区金高路88号,31.296522,121.606328
浦东新区奥纳路158号,31.345881,121.595152
浦东新区康安路御北路交叉口工地,31.15801,121.559153
浦东新区崂山二村,31.237108,121.519131
浦东新区御桥村印家宅,31.156034,121.557424
浦东新区御青路1051弄,31.151461,121.574745
浦东新区芳华路478弄,31.194874,121.56003
浦东新区秀沿西路68弄,31.131437,121.537304
浦东新区牡丹路418弄,31.208177,121.551627
浦东新区北蔡镇丁家队丁家宅,31.18105,121.609684
浦东新区崂山五村,31.237259,121.517219
浦东新区芳华路503弄,31.196263,121.561221
浦东新区潍坊一村,31.217548,121.521759
浦东新区行南路1150弄,31.327875,121.582379
浦东新区顾全路377号,31.171544,121.539474
浦东新区周康二村,31.139035,121.569836
浦东新区芳华路573弄,31.196908,121.562045
浦东新区国展路1776号工地,31.178216,121.476242
浦东新区锦绣路3338弄,31.175813,121.539959
浦东新区京浦路160弄,31.153236,121.568052
浦东新区康士路15弄,31.149112,121.563172
浦东新区严中路269弄,31.190297,121.532892
浦东新区杨新路197弄,31.162979,121.492209
浦东新区芳华路916弄,31.196221,121.567984
浦东新区康桥路1657弄,31.150768,121.584278
浦东新区花木南杨家堂,31.194872,121.550469
浦东新区上南一村,31.177948,121.497237
浦东新区御桥村东焦家宅,31.156034,121.557424
浦东新区夏栎路233弄,30.910646,121.916756
浦东新区懿德村小陈家队,31.118917,121.516112
浦东新区康花路康安路交叉路口工地,31.204722,121.548595
浦东新区庭安路825弄,31.326049,121.595144
浦东新区南阜村高树队油车头,31.134033,121.519508
浦东新区环林东路879弄,31.139706,121.529765
浦东新区杨高中路10弄1支弄,31.258586,121.599997
浦东新区严杨路45弄,31.194293,121.52869
浦东新区莲溪路126弄,31.186811,121.559846
浦东新区罗山路1700弄,31.225587,121.568261
浦东新区芳芯路251弄,31.192164,121.556512
浦东新区张杨路3680弄,31.255556,121.581362
浦东新区南新村,30.87171,121.7887
浦东新区启帆路321号,31.312887,121.584963
浦东新区永泰路538弄,31.138932,121.51595
浦东新区花木路809号,31.211609,121.550205
浦东新区陈春路221弄,31.172365,121.552848
浦东新区康杉路386弄,31.151919,121.561081
浦东新区新浦路199弄,31.165438,121.537677
浦东新区拱北路398弄,31.056653,121.770896
浦东新区上南路6620弄,31.117419,121.553246
浦东新区上南路6333弄,31.119396,121.549253
浦东新区沪南路3161弄,31.128043,121.568021
浦东新区五星村徐家队顾家宅,31.16512,121.571206
浦东新区康新公路88号,31.029972,121.642371
浦东新区川周公路3083号,31.138588,121.607479
浦东新区凌兆路555弄,31.144384,121.501705
浦东新区杨莲路310弄,31.16502,121.54994
浦东新区三林镇小金家宅,31.124151,121.481889
浦东新区德州路380弄,31.164638,121.485974
浦东新区浦电路489号,31.222693,121.535176
浦东新区浦东大道1623弄,31.245815,121.542275
浦东新区卢家油车,31.124134,121.526629
浦东新区德州路255弄,31.168652,121.492316
浦东新区上南路3521号,31.155069,121.504159
浦东新区严镇路96弄,31.191044,121.528936
浦东新区五星村三联队黄家宅,31.18234,121.57079
浦东新区梅园三村,31.239233,121.52231
浦东新区锦安东路280弄,31.200731,121.542872
浦东新区云舒苑,31.234667,121.726514
浦东新区严杨路166弄,31.193854,121.530588
浦东新区浦东南路1288号,31.22523,121.51656
浦东新区潍坊二村,31.220308,121.52046
浦东新区昌里东路190弄,31.176093,121.505401
浦东新区花木路830弄,31.210516,121.552234
浦东新区瑞浦路287弄,31.095012,121.585541
浦东新区高桥二村,31.345373,121.576734
黄浦区南仓街40弄,31.214097,121.500389
黄浦区顺昌路612弄36号,31.211192,121.479423
黄浦区鲁班路388弄5号,31.202214,121.474504
黄浦区蓬莱路405弄,31.216835,121.487167
黄浦区四牌楼路79号,31.224137,121.495423
黄浦区局门后路62号,31.208353,121.481144
黄浦区淡水路332弄5号,31.214444,121.473137
黄浦区中华路868弄30-35号,31.214697,121.494141
静安区毛家弄26号,31.25711,121.452921
静安区毛家弄4号,31.25854,121.45458
静安区普善路铁路新村27号,31.256327,121.453572
静安区普善路铁路新村17号,31.255907,121.454743
静安区普善路铁路新村正29号,31.256307,121.453723
静安区中华新路793弄,31.254598,121.457148
静安区江场西路1366弄,31.296267,121.424016
静安区南京西路778号,31.231073,121.461684
静安区光复路909号,31.239219,121.455775
静安区普善路铁路新村21号,31.256196,121.452876
静安区芷江西路678号,31.256209,121.455206
静安区新闸路1132号,31.233059,121.45453
静安区康定东路3弄,31.236754,121.457876
静安区灵石路737弄,31.285021,121.438483
静安区虬江路1488号,31.24857,121.46469
静安区天目中路790号,31.245386,121.460595
静安区平顺路790弄,31.317502,121.453036
静安区汶水路556号,31.289138,121.43214
静安区愚园路611弄,31.220807,121.437539
徐汇区正阳路47弄,31.200382,121.462321
徐汇区柳州路128弄,31.159223,121.426636
徐汇区梅陇九村,31.13867,121.420854
徐汇区瑞金南路12号,31.199839,121.467711
徐汇区日晖七村,31.197549,121.459264
徐汇区龙南六村,31.155973,121.45226
徐汇区老沪闵路710弄,31.14393,121.4292
徐汇区龙吴路988弄,31.149278,121.451411
徐汇区华发路58弄,31.129171,121.452788
徐汇区华发路99弄,31.125658,121.453731
徐汇区东安三村,31.190691,121.451286
徐汇区康健路55弄,31.166045,121.430662
徐汇区龙川北路418弄,31.146282,121.437219
徐汇区罗秀路1175弄,31.12888,121.422307
徐汇区桂林东街101弄,31.155846,121.425706
徐汇区华泾路188弄,31.121263,121.461017
徐汇区上中路51弄,31.135034,121.433992
徐汇区老沪闵路790弄,31.14037,121.432813
徐汇区园南二村,31.14109,121.442869
徐汇区钦州南路300弄,31.160713,121.424133
徐汇区浦北路959弄,31.151115,121.413764
长宁区宣化路3号,31.217638,121.430587
长宁区江苏路285弄,31.221011,121.430875
长宁区西诸安浜路425弄,31.216208,121.429297
长宁区福泉路123弄,31.216275,121.358046
长宁区长宁路476弄,31.222897,121.424303
普陀区北石路540弄,31.248592,121.393276
普陀区靖边路299弄,31.262553,121.367392
普陀区北石路400弄,31.247703,121.395875
普陀区西乡路91弄,31.269086,121.425687
普陀区真南路843弄,31.268454,121.381959
普陀区真南路1051弄,31.269768,121.378592
普陀区祁连山南路2727弄,31.262067,121.370325
普陀区西乡路105弄,31.270525,121.427171
普陀区江宁路1415弄,31.24748,121.439378
普陀区枣阳路182号,31.235919,121.4042
普陀区雪松路392弄,31.286921,121.355512
普陀区长寿路505弄,31.237606,121.435678
普陀区东新路137弄,31.240661,121.426254
普陀区中山北路2451弄200支弄,31.245686,121.423142
普陀区大渡河路1332弄,31.238922,121.395554
虹口区欧阳路289弄,31.268039,121.489261
虹口区天宝路882弄,31.27221,121.5002
虹口区车站北路491弄,31.296062,121.474118
虹口区凉城路465弄,31.289302,121.469558
虹口区西江湾路168弄,31.26778,121.478654
虹口区洛阳新村,31.284206,121.480335
虹口区新市南路590弄,31.294739,121.480836
杨浦区控江东三村,31.286574,121.533986
杨浦区延吉六村,31.290018,121.536468
杨浦区国和二村,31.319787,121.528892
杨浦区双辽支路70弄,31.271298,121.516147
杨浦区许昌路630弄,31.259029,121.524069
杨浦区开鲁路382弄,31.325972,121.533808
杨浦区国和路600弄,31.314066,121.517802
杨浦区怀德路366弄,31.256728,121.526638
杨浦区控江路888弄,31.282841,121.535369
杨浦区双阳路291弄,31.276877,121.535076
宝山区新沪路198弄,31.269082,121.420185
宝山区铁峰路2000弄,31.39606,121.453103
宝山区潘广路1765弄,31.364784,121.367829
宝山区纬地路375弄,31.324751,121.396728
宝山区涵青路398弄,31.332758,121.39672
宝山区韶山路245弄,31.35881,121.364716
宝山区涵青路100弄,31.332844,121.402541
宝山区南周村,31.377622,121.340296
宝山区苏家浜路435弄,31.359847,121.391879
宝山区松兰路233弄,31.370725,121.448771
宝山区城银路555号,31.314516,121.349627
宝山区年吉路220弄,31.401679,121.343295
宝山区祁连三村,31.31162,121.382883
宝山区锦秋路1601弄,31.318422,121.372467
宝山区共和新路4719弄,31.319376,121.449431
宝山区淞南三村,31.34445,121.48938
宝山区沪太路5018号,31.350593,121.380748
宝山区教育路555弄,31.357261,121.39506
宝山区顾北路666号,31.35083,121.390679
宝山区美丹路998弄,31.395423,121.340146
宝山区洛场路114号,31.302398,121.410429
宝山区菊盛路851弄,31.359162,121.368467
宝山区菊泉街1346弄,31.363186,121.369785
宝山区水产西路999弄,31.354575,121.409803
宝山区环镇北路417弄,31.309332,121.407596
宝山区富联二路55弄,31.372229,121.409958
宝山区淞南五村,31.339085,121.48507
宝山区南蕰藻路408号,31.340351,121.429759
宝山区通河一村,31.333801,121.447108
宝山区段泾村,31.421433,121.396477
宝山区泗塘四村,31.336686,121.46029
宝山区丰翔路1888弄,31.305515,121.34278
宝山区蕰川路1498弄,31.360868,121.425261
宝山区友谊支路300弄,31.408776,121.486216
宝山区大华路988弄,31.278536,121.413178
宝山区大康路891弄,31.330343,121.423119
宝山区富联路128弄,31.353538,121.410376
宝山区顾北东路500弄,31.356132,121.409551
宝山区新沪路960弄,31.272995,121.418933
闵行区安宁路289弄,31.014183,121.417501
闵行区宝铭路88弄,31.139838,121.367115
闵行区北沈路260弄,31.22911,121.335607
闵行区碧江路501弄,31.014997,121.399901
闵行区宾川路380弄,31.004897,121.41175
闵行区澄江路1290号,31.081499,121.441282
闵行区春申路1581弄,31.113928,121.43219
闵行区春申路1717弄,31.119905,121.41737
闵行区春申路2458弄,31.112294,121.414804
闵行区灯辉路1169弄,31.028565,121.417803
闵行区都市路3635弄,31.082221,121.39993
闵行区凤庆路150弄,31.021446,121.41476
闵行区鹤庆路136弄,31.011716,121.419261
闵行区虹梅南路1770弄,31.111617,121.430541
闵行区虹莘路1876弄,31.136054,121.382707
闵行区沪光路180弄,31.079502,121.416192
闵行区华展路168弄,31.112173,121.448985
闵行区金汇南路301弄,31.170101,121.376713
闵行区金平路558弄,31.016844,121.406913
闵行区金平路777弄,31.021594,121.409668
闵行区景联路388号,31.100696,121.445688
闵行区景联路759号,31.098697,121.439803
闵行区龙吴路5688弄,31.040055,121.468574
闵行区平阳路1375弄,31.1342,121.387067
闵行区平阳路50弄,31.143982,121.408106
闵行区浦雪南路369弄,31.066535,121.494833
闵行区七莘路3333号,31.15862,121.343541
闵行区沁春路355弄,31.093808,121.374641
闵行区青杉路26弄,31.177085,121.369506
闵行区莘沥路366弄,31.110078,121.369465
闵行区莘朱路820弄,31.114686,121.39905
闵行区石屏路399弄,31.016939,121.418472
闵行区西新路58弄,31.028172,121.368782
闵行区鑫都路2688弄,31.05687,121.391036
闵行区永德路750号,31.041075,121.451495
闵行区永联村,31.105501,121.442585
嘉定区曹安公路1948号,31.273551,121.26939
嘉定区宝钱公路3488弄,31.412334,121.192434
嘉定区北和公路1650号,31.424663,121.178971
嘉定区兴荣路811号,31.429299,121.198204
嘉定区中大街140弄,31.430785,121.217032
嘉定区城中路35号,31.376618,121.252391
嘉定区曹安公路1615号,31.25165,121.367317
嘉定区曹安公路1718号,31.253937,121.364661
嘉定区曹安公路1777号,31.252393,121.363173
嘉定区曹安公路2291号,31.259562,121.342801
嘉定区海波路850弄,31.26963,121.331332
嘉定区鹤霞路555弄,31.285761,121.296965
嘉定区华江公路370号,31.249845,121.334869
嘉定区金耀南路299弄,31.235879,121.30906
嘉定区临夏路256弄,31.25952,121.332982
嘉定区嘉安公路1735号,31.34783,121.21461
嘉定区平城路388号,31.402078,121.25585
嘉定区秋竹路119弄,31.367206,121.209471
嘉定区秋竹路816号,31.383705,121.219471
嘉定区双坪路285弄,31.405782,121.269312
嘉定区双单路718弄,31.332672,121.264613
嘉定区槎溪路650弄,31.287883,121.323401
嘉定区丰庄北路431号,31.249509,121.366738
嘉定区朱家桥村,31.407594,121.189967
嘉定区江桥镇高榆新村,31.253252,121.325973
嘉定区江桥一村,31.258771,121.344843
嘉定区五四村,31.249728,121.326797
金山区金磐路18号,30.741991,121.34197
松江区涞亭南路1600弄,31.11671,121.344006
松江区明南路279号,31.044973,121.270131
松江区新南街350弄,31.062451,121.315631
松江区莘北路808弄,31.106526,121.351249
松江区泗祥路518弄,31.118872,121.250525
松江区玉树路1265号,30.98634,121.209237
松江区沪亭北路900弄,31.153378,121.312936
松江区莘松路1365号,31.093399,121.340505
松江区明兴路595弄,31.083812,121.340297
松江区米筛浜路325弄,31.128651,121.21612
松江区九杜路350弄,31.142144,121.311359
松江区徐塘路500号,31.046846,121.273936
松江区涞坊路333弄,31.152015,121.317723
松江区九新公路2388号,31.07051,121.313612
松江区九新公路28弄,31.134555,121.316208
松江区雪家桥路1弄,31.109793,121.352428
松江区连富路828号,31.11542,121.306478
松江区九亭大街854号,31.126852,121.3134
松江区明中路77号,31.084139,121.358004
松江区嵩山村,31.032243,121.227747
松江区新联村,30.931218,121.323053
松江区白虬江路300号,31.279503,121.132739
松江区淀惠路658弄,31.135469,121.075657
松江区沈巷村,31.075806,121.060852
松江区益民村（西渡街道）,30.978915,121.479082
松江区五四公路3356号,30.873235,121.696146
松江区环城南路1128弄,30.90299,121.448148
松江区新叶村,30.95843,121.37645
松江区南奉公路2645弄,30.923336,121.585662
松江区五宅村,31.032243,121.227747
松江区二桥村,31.032243,121.227747
松江区灯塔村,31.032243,121.227747
松江区扶兰路9弄,30.987401,121.441191
松江区米行村,31.032243,121.227747
松江区瀛南村,31.032243,121.227747
松江区齐南村,31.032243,121.227747
浦东新区洪山路121弄,31.178826,121.49913
浦东新区上钢四村,31.172901,121.49192
浦东新区金高路58弄,31.297167,121.60567
浦东新区东海二村,30.954081,121.903233
浦东新区浦明路868弄,31.219347,121.512436
浦东新区芳华路660弄,31.1952,121.564421
浦东新区尚博路650弄,31.149547,121.523173
浦东新区栖山路401弄,31.246675,121.549599
浦东新区杨思北街,31.163857,121.492813
浦东新区莲振路298号,31.167719,121.569481
浦东新区建港村,31.0303,121.840879
浦东新区沪南路2591号,31.148141,121.567881
浦东新区祝桥村一灶,31.102764,121.760183
浦东新区新南村曹桥,30.999981,121.627148
浦东新区张杨北路5428弄,31.342718,121.576261
浦东新区关岳路181弄,31.120165,121.586652
浦东新区航头镇果园村,31.019684,121.635892
浦东新区沈庄村,31.086049,121.5846
浦东新区洪山路301弄,31.170513,121.503022
浦东新区东昌新村,31.232579,121.511591
浦东新区祝康南苑,31.118246,121.755845
浦东新区环湖西三路222号,30.885433,121.922804
浦东新区西门路588弄,31.04738,121.73724
黄浦区打浦路339弄,31.199664,121.472096
黄浦区黄陂南路688号,31.214822,121.476811
黄浦区斜土路468号,31.203357,121.477534
黄浦区制造局路567弄,31.203798,121.486459
黄浦区学院路127弄,31.223297,121.495312
黄浦区四川南路44弄1号,31.230624,121.490744
黄浦区顺昌路612弄37号,31.211101,121.479277
黄浦区陆家浜路468弄,31.210457,121.49739
黄浦区瞿溪路17号,31.207188,121.496518
黄浦区瞿溪路120弄,31.206761,121.495465
黄浦区徽宁路10号,31.209637,121.489187
黄浦区车站支路99弄,31.208334,121.492564
黄浦区海潮路230弄,31.207864,121.497373
黄浦区中山南路1586弄,31.205504,121.494989
黄浦区海潮路256弄,31.207321,121.496825
黄浦区西凌家宅路123号,31.204135,121.485834
黄浦区瞿溪路123号,31.206607,121.49438
黄浦区普育东路200弄7号,31.207471,121.495078
黄浦区大吉路310弄,31.21278,121.481935
黄浦区中山南路200弄10号楼,31.223012,121.502199
黄浦区蒙自西路72弄,31.20692,121.474739
黄浦区顺昌路612弄22号,31.210969,121.479243
黄浦区顺昌路612弄33号,31.210743,121.478858
黄浦区顺昌路612弄47号,31.211097,121.479006
黄浦区淡水路266弄,31.216161,121.473
黄浦区永年路117号,31.212104,121.479318
黄浦区国货路236号,31.208805,121.494997
黄浦区保屯路50弄,31.206115,121.489665
黄浦区永年路178弄,31.211737,121.478036
黄浦区光启路131号,31.223636,121.494482
黄浦区建国东路328弄,31.213023,121.476706
黄浦区瑞金二路410弄,31.206847,121.465884
黄浦区局门路213号,31.206654,121.480802
黄浦区局门路241弄,31.207782,121.480398
黄浦区顺昌路560号,31.21184,121.479468
黄浦区顺昌路582号,31.211468,121.47952
黄浦区海潮路93弄,31.210542,121.499619
黄浦区徽宁路164号,31.211527,121.493249
静安区柳营路309弄,31.268704,121.464008
静安区永和路880弄,31.286862,121.429979
静安区永兴路595弄,31.251116,121.466747
静安区民和路218号,31.266975,121.464152
静安区洛川东路99弄,31.272064,121.464976
静安区江宁路363弄,31.233996,121.452602
静安区芷江西路123弄,31.258665,121.465413
静安区芷江西路393弄,31.257427,121.458083
静安区高平路598弄,31.288182,121.42995
静安区新闸路1124弄,31.233485,121.454431
静安区中山北路805弄,31.262,121.457676
静安区彭江路51号,31.284798,121.460029
静安区中华新路940号,31.254114,121.454283
静安区武定路80弄,31.235265,121.455311
静安区曲沃路66弄,31.306997,121.445962
静安区康定路758弄,31.232239,121.44242
静安区万荣路970弄,31.288252,121.440578
静安区场中路2765弄,31.305479,121.439059
静安区江杨南路466弄,31.316591,121.46807
静安区平顺路721弄,31.317315,121.45138
静安区平型关路351号,31.271696,121.463159
徐汇区田林四村,31.171273,121.42253
徐汇区桂林西街151弄,31.151814,121.421112
徐汇区老沪闵路1070弄,31.128406,121.437698
徐汇区龙吟路455弄,31.113465,121.453802
徐汇区肇嘉浜路669弄,31.199807,121.452223
徐汇区长桥五村,31.138139,121.439057
徐汇区东兰路121弄,31.155319,121.39848
徐汇区日晖二村,31.193784,121.465914
徐汇区江安路55弄,31.149258,121.41519
徐汇区田林路65弄,31.17032,121.420154
徐汇区桂林西街111弄,31.151445,121.419712
徐汇区康健路77弄,31.165898,121.428788
徐汇区浦北路21弄,31.156578,121.426501
徐汇区桂林西街9弄,31.156769,121.419885
徐汇区冠生园路230弄,31.163796,121.426769
徐汇区裕德路66弄,31.184419,121.435353
徐汇区钦州南路917弄,31.155429,121.412937
徐汇区钦州南路381弄,31.158559,121.425412
徐汇区桂平路257弄,31.157604,121.408011
徐汇区宛平南路170弄,31.193911,121.445587
徐汇区华发路100弄,31.127984,121.45282
徐汇区龙恒路31弄,31.168924,121.452064
徐汇区天钥桥南路1199弄,31.152909,121.455975
徐汇区龙华西路31弄,31.169033,121.450187
徐汇区罗城路651弄,31.148635,121.436109
徐汇区龙恒路290号,31.166394,121.448722
徐汇区丰谷路285弄,31.169345,121.456263
徐汇区龙水北路960弄,31.172012,121.447177
徐汇区龙南三村,31.155648,121.457193
徐汇区漕溪四村,31.171446,121.4398
徐汇区日晖六村,31.193517,121.461862
徐汇区园南一村,31.141863,121.439708
徐汇区罗秀三村,31.134198,121.4466
徐汇区瑞金南路570号,31.197143,121.468644
徐汇区江南二村,31.19219,121.46241
徐汇区罗秀新村,31.132118,121.447867
徐汇区东泉路12号,31.156381,121.444445
徐汇区罗秀二村,31.132118,121.447867
徐汇区龙华路2518弄,31.178562,121.453887
徐汇区机场新村,31.166631,121.450483
长宁区宣化路52弄,31.218076,121.430098
长宁区宣化路299弄,31.21671,121.424654
长宁区华阳路165弄,31.223498,121.422704
长宁区愚园路1032弄131支弄,31.218852,121.428271
长宁区愚园路1210弄,31.22102,121.42641
长宁区镇宁路111号,31.218097,121.436553
长宁区长宁路1302弄,31.220306,121.413904
长宁区愚园路888弄,31.221125,121.431135
长宁区延安西路1289弄,31.211059,121.426498
长宁区万航渡路1455号,31.22502,121.421126
长宁区仙霞西路885弄,31.212032,121.363775
长宁区镇宁路225弄,31.214431,121.438774
长宁区金钟路340弄,31.220792,121.366467
长宁区中山西路1231号,31.194689,121.417698
长宁区哈密路398弄,31.212719,121.37509
长宁区西陶浜路33弄,31.222503,121.363525
长宁区玉屏南路110弄,31.213404,121.410614
长宁区绿新小区,31.218207,121.370594
长宁区新华路261弄,31.202552,121.427288
长宁区天山西路351弄,31.217064,121.366436
长宁区延安西路1030弄,31.212216,121.431682
普陀区清涧路39弄,31.261297,121.388892
普陀区镇坪路48弄,31.250331,121.428805
普陀区真南路648弄,31.26988,121.387229
普陀区长风二村,31.234722,121.40185
普陀区绿杨路201弄,31.285605,121.35147
普陀区新村路50弄,31.266537,121.440798
普陀区管弄路252弄,31.256786,121.426049
普陀区中江路650弄,31.229612,121.394278
普陀区真南路209弄,31.268921,121.395269
普陀区铜川路309号,31.252766,121.416564
普陀区定边路377弄,31.260803,121.363105
普陀区交通路1461弄,31.255639,121.445237
普陀区千阳南路99弄,31.229417,121.365177
虹口区广联新苑,31.267354,121.471488
虹口区水电路818弄,31.286474,121.476379
虹口区水电路1013弄,31.288409,121.478706
虹口区株州路399弄,31.058981,121.710112
虹口区汶水东路510弄,31.289056,121.479195
虹口区广灵二路160号,31.282927,121.477226
虹口区广灵二路186号,31.282993,121.476726
虹口区广中路366弄,31.276888,121.473459
虹口区新市路228号,31.286379,121.48035
虹口区广灵四路148号,31.286316,121.479199
虹口区友谊二村,31.285178,121.479438
虹口区友谊三村,31.283628,121.47794
虹口区祥德路139弄,31.271375,121.486643
虹口区飞虹路187弄,31.261841,121.501935
虹口区水电路120号,31.273563,121.47247
杨浦区永吉路97弄,31.284029,121.533688
杨浦区抚顺路393弄,31.276859,121.509315
杨浦区营口路600弄,31.296821,121.535221
杨浦区军工路殷行路铁道停车场,31.328754,121.516505
杨浦区东方国际水产中心,31.332373,121.54259
杨浦区双阳北路288弄,31.291285,121.524021
杨浦区鞍山一村,31.276691,121.513176
杨浦区怀德路243号,31.254017,121.528358
杨浦区市光二村,31.316532,121.541396
杨浦区市京一村,31.319713,121.523614
宝山区宝安公路2195号,31.347828,121.341677
宝山区宝绿路99弄,31.356498,121.384236
宝山区场北路399弄,31.334516,121.430622
宝山区大沙宅,31.334786,121.344007
宝山区丹霞山路257弄,31.361916,121.362875
宝山区顾北东路155弄,31.360859,121.412054
宝山区场北路550弄,31.330749,121.427918
宝山区呼兰西路123号,31.339136,121.43207
宝山区佳龙路516号,31.337916,121.379569
宝山区锦秋路699弄,31.325541,121.390803
宝山区菊联路68弄,31.35011,121.367996
宝山区沪太路4361号,31.344933,121.397145
宝山区顾陈路388号,31.336557,121.388951
宝山区菊盛路1158弄,31.365983,121.367279
宝山区老安村,31.365839,121.373326
宝山区罗店路840弄,31.397333,121.348626
宝山区祁华路300弄,31.322671,121.37091
宝山区沙浦路311弄,31.355445,121.387126
宝山区菊太路1399弄,31.345882,121.352744
宝山区上大路218弄,31.31416,121.408441
宝山区水产西路738号,31.356098,121.416945
宝山区顾陈路455弄,31.338208,121.390154
宝山区菊太路777弄,31.35231,121.3645
宝山区泰和路1700号,31.354898,121.448482
宝山区铁城路1555号,31.356436,121.451587
宝山区通河四村,31.330689,121.445234
宝山区顾陈路321号,31.340388,121.391886
宝山区泗塘八村,31.329815,121.457207
宝山区菊太路1078弄,31.345459,121.355159
宝山区通南路328弄,31.334037,121.471151
宝山区五星村,31.304714,121.34691
宝山区走马塘路1228弄,31.304864,121.37214
闵行区安宁路330弄,31.014086,121.416185
闵行区报春路862弄,31.120919,121.374638
闵行区沧源路755弄,31.014962,121.429454
闵行区东华美路220弄,31.221834,121.332351
闵行区东兰路307弄,31.154462,121.391716
闵行区都市路1900弄,31.057387,121.41503
闵行区鹤庆路358弄,31.009857,121.41379
闵行区红松路600弄,31.18099,121.362807
闵行区红松路81弄,31.181233,121.376615
闵行区虹梅路3297弄,31.18844,121.386096
闵行区虹梅路3321弄,31.187466,121.383779
闵行区虹梅南路1005号,31.123447,121.423367
闵行区虹梅南路1776弄,31.111169,121.430533
闵行区虹莘路1955弄,31.13596,121.38062
闵行区华美路100弄,31.221949,121.333302
闵行区华宁路1399弄,31.023695,121.390464
闵行区华坪路9弄,31.000901,121.424578
闵行区江航路60弄,31.046977,121.53956
闵行区江文路330弄,31.0648,121.543423
闵行区金平路328弄,31.013029,121.408106
闵行区景联路257号,31.100293,121.44891
闵行区黎安三村,31.131462,121.374067
闵行区龙柏四村,31.1786,121.363278
闵行区罗锦路111弄,31.124612,121.416061
闵行区梅富路628弄,31.115639,121.415432
闵行区宁虹路1101弄,31.206884,121.310026
闵行区七莘路3885弄,31.170247,121.338397
闵行区莘松路225弄,31.106715,121.375808
闵行区莘朱路1688弄,31.121491,121.418968
闵行区万源路788弄,31.146308,121.395928
闵行区先进村,31.03564,121.530605
闵行区新源路3122弄,31.056337,121.395751
闵行区鑫都路2535弄,31.052355,121.397516
闵行区盐铁塘路272弄,31.036185,121.508727
闵行区宜山路2328弄,31.166873,121.38142
闵行区益文路79弄,31.136001,121.412196
闵行区银春路1799弄,31.024757,121.393778
闵行区银都路3828弄,31.0892,121.38546
闵行区友好村,30.995151,121.39174
闵行区跃进村,31.047385,121.500508
闵行区中心村,31.035181,121.406328
闵行区诸翟西街97弄,31.205935,121.306562
闵行区颛兴路639弄,31.063439,121.391884
闵行区紫藤二村,31.130667,121.411199
闵行区报春路128弄,31.126169,121.393187
闵行区北翟路2000弄,31.224922,121.331378
闵行区曹家塘路399弄,31.044216,121.442809
闵行区都会路3199弄,31.084537,121.409402
闵行区古龙路1065弄,31.145256,121.385018
闵行区航华一村,31.17723,121.35709
闵行区鹤庆路560弄,31.010233,121.411
闵行区江川路680弄,31.001725,121.401419
闵行区莲花南路431弄,31.123002,121.40803
闵行区龙茗路69弄,31.123234,121.389858
闵行区龙吴路5413弄,31.047072,121.465186
闵行区罗秀路1999弄,31.127079,121.4033
闵行区罗阳路258弄,31.124612,121.41084
闵行区马桥西街小区58弄,31.028137,121.367278
闵行区平南路61号,31.151225,121.390656
闵行区浦涛路505弄,31.045956,121.536182
闵行区沁春路168弄,31.099151,121.379431
闵行区青杉路417弄,31.173919,121.362593
闵行区申郑路18弄,31.203531,121.311372
闵行区水清路1000弄,31.125668,121.378467
闵行区吴中路405弄100支弄,31.183864,121.410757
闵行区召楼路1706弄,31.06405,121.536964
嘉定区沪宜公路3066弄,31.365263,121.261409
嘉定区安边路1558号,31.253013,121.36895
嘉定区宝乐路58弄,31.331145,121.289471
嘉定区宝钱公路1083号,31.444671,121.276958
嘉定区曹安公路1183号,31.273551,121.26939
嘉定区曹安公路1901号,31.252607,121.359904
嘉定区曹安公路1936号,31.25606,121.359135
嘉定区曹安公路1991号,31.273919,121.214999
嘉定区大北街254弄,31.430041,121.212782
嘉定区海波路1000弄,31.270009,121.329988
嘉定区海蓝路98弄,31.261131,121.34961
嘉定区鹤望路365弄,31.24624,121.326869
嘉定区华江路23号,31.257749,121.345954
嘉定区汇善路1333弄,31.403036,121.205427
嘉定区嘉戬公路658弄,31.377891,121.29209
嘉定区嘉唐公路99弄,31.395082,121.241456
嘉定区嘉新公路668弄,31.362354,121.269004
嘉定区金鼎路2588弄,31.260933,121.35976
嘉定区金园八路439号,31.254674,121.310446
嘉定区靖远路490弄,31.255792,121.33984
嘉定区菊城路311号,31.351196,121.218918
嘉定区康丰路201弄,31.321797,121.272945
嘉定区临潭路491弄,31.256769,121.339386
嘉定区娄塘路626弄,31.430881,121.217635
嘉定区娄塘路658弄,31.4305,121.21715
嘉定区铜川路2655弄,31.255178,121.365766
嘉定区潼关路113号,31.259865,121.358284
嘉定区万镇路1177弄,31.253413,121.378126
嘉定区旺泾公路218号,31.409396,121.183168
嘉定区希望路1333弄,31.331945,121.248159
嘉定区榆中路140-142号,31.255666,121.326225
嘉定区云谷路1233弄,31.345772,121.247507
嘉定区双单路德立路交叉口工地,31.332145,121.264434
嘉定区华亭镇毛桥村,31.472256,121.251488
嘉定区塔桥村,31.444331,121.247921
嘉定区唐行石村,31.454365,121.24441
嘉定区白墙村,31.401344,121.208111
嘉定区黎明村,31.393459,121.183638
嘉定区人民村,31.383112,121.212298
嘉定区江桥镇高潮村,31.255037,121.3317
嘉定区高榆新村,31.253252,121.325973
嘉定区恒嘉花园,31.262077,121.353333
嘉定区徐行镇伏虎村,31.445319,121.260936
嘉定区徐行村,31.419314,121.274294
嘉定区真新街道玄锦公寓,31.252977,121.368971
金山区康德路358弄,30.799373,121.297467
金山区卫宏路500号,30.730616,121.305082
金山区马新村新浜,30.834466,121.165801
金山区石化九村,30.712224,121.348716
松江区白粮路189弄,30.982779,121.250487
松江区场南路1弄,31.089302,121.35982
松江区车亭公路1142号,30.957082,121.317902
松江区陈春公路801弄,31.069612,121.336483
松江区陈春路677弄,31.076536,121.347089
松江区沪松路7弄,31.014785,121.243276
松江区沪亭北路501弄,31.152937,121.311268
松江区沪亭路240弄,31.133542,121.325795
松江区沪亭南路299弄,31.123797,121.331834
松江区花园路16号,31.269679,121.478379
松江区花园路1号,31.126224,121.324622
松江区汇桥村,31.009709,121.333981
松江区九亭大街1106号,31.126728,121.314126
松江区九亭大街641弄,31.126451,121.324155
松江区九亭大街900弄,31.126491,121.316851
松江区涞坊路45号,31.155988,121.323869
松江区涞亭北路99弄,31.148898,121.328362
松江区涞亭南路289弄,31.135699,121.338394
松江区涞寅路106号,31.150471,121.324876
松江区涞寅路658弄,31.145701,121.313401
松江区乐都西路1629弄,31.013108,121.188864
松江区明华路1077弄,31.073479,121.33938
松江区书林路600号,31.042121,121.314985
松江区银都西路198弄,31.08237,121.366522
松江区长兴路390弄,31.083586,121.273695
松江区中心路120号,31.10261,121.3317
松江区诸光路85弄,31.159411,121.319164
松江区高光路666号,31.158216,121.305197
松江区盈港东路4709弄,31.160869,121.192949
松江区新府北路45弄,31.244631,121.227591
松江区崧泽大道333号停车场,31.032243,121.227747
松江区章堰村,31.032243,121.227747
松江区盈港东路1000弄,31.179453,121.287395
松江区华青南路610弄,31.146699,121.135013
松江区新凤中路35号,31.032243,121.227747
松江区安中路108号,31.032243,121.227747
松江区南桥新城17单元19-02区域地块,31.032243,121.227747
松江区南奉公路999号,30.914138,121.619734
松江区陆家桥村,30.922049,121.318732
松江区汇中路116号,31.032243,121.227747
松江区南明路191号,30.92749,121.577423
松江区德政路298弄,31.116542,121.381266
松江区金海公路2898弄,30.900479,121.501407
松江区朱店村,31.032243,121.227747
松江区申隆二村,30.89022,121.564754
松江区梁典村,31.032243,121.227747
松江区姚家村,31.036861,121.181834
松江区农民街118弄,31.032243,121.227747
松江区永和村,31.032243,121.227747
松江区五滧村,31.032243,121.227747
松江区新开河路674号,31.032243,121.227747
松江区红北村,31.032243,121.227747
松江区先进村,31.032243,121.227747
松江区渔傲路132弄,31.357676,121.769763
松江区凤西路1933号,31.408221,121.685393
松江区潘圆公路161弄,31.340889,121.777858
浦东新区国展路1756号工地生活区,31.180154,121.527808
浦东新区康安路御北路交界口工地生活区,31.156931,121.567091
浦东新区环龙路439弄,31.20155,121.524932
浦东新区潍坊五村,31.220026,121.523696
浦东新区灵岩南路144号,31.160229,121.493964
浦东新区洪山路1658弄,31.153352,121.507856
浦东新区富航路105弄,31.033215,121.597023
浦东新区航鸣路200弄,31.02194,121.603251
浦东新区浦电路48弄,31.218112,121.517186
浦东新区浦城路580弄,31.224544,121.514838
浦东新区栖山路1855号利津路729弄,31.260739,121.571337
浦东新区浦东大道2554号,31.259019,121.562888
浦东新区鹤鸣村,31.045703,121.58823
浦东新区潍坊八村,31.218341,121.527081
浦东新区百花新村,31.110746,121.585538
浦东新区观海路999弄,31.054636,121.782305
浦东新区浦东大道2567弄,31.259333,121.562717
浦东新区义泓村,31.074272,121.829615
浦东新区新安村,31.023252,121.681339
浦东新区新行路高行家园,31.295003,121.613605
浦东新区池月路848弄,30.910275,121.814007
浦东新区新浦路251弄,31.1669,121.535642
浦东新区通济路328弄,31.052108,121.747425
浦东新区双桥路1108弄,31.283079,121.613978
浦东新区金桥路530弄,31.26157,121.574344
浦东新区药师新村,31.203419,121.681922
浦东新区桥路301弄,31.002856,121.416024
浦东新区巨峰路399弄,31.282235,121.595278
浦东新区银峰路676弄,31.26498,121.690757
浦东新区鹏飞路28弄,31.174842,121.554162
浦东新区罗山路108弄,31.248465,121.552376
浦东新区张扬路1515弄,31.235289,121.536494
浦东新区申大公寓,31.253847,121.590083
浦东新区云山路1039弄,31.248818,121.57326
浦东新区临沂一村,31.197634,121.512948
浦东新区中科路2635弄,31.189845,121.634456
浦东新区顺和路126弄,31.18575,121.626188
浦东新区梅山苑,31.160261,121.487801
浦东新区华鹏路390弄,31.172933,121.525295
浦东新区胜利路30弄,31.242987,121.686059
浦东新区新丰村,31.163181,121.647911
浦东新区中界村蔡家宅,31.078007,121.798289
浦东新区中界村苏家队苏家宅,31.185297,121.57062
浦东新区钱堂村长浜宅,31.155243,121.591139
浦东新区浙桥路277号,31.252594,121.600834
浦东新区御桥村印家队东印家圈,31.167356,121.558533
浦东新区峨山路280弄,31.213928,121.526406
浦东新区蓝村路501弄,31.212145,121.524749
浦东新区下南路501弄,31.172333,121.541064
浦东新区博华路498弄,31.17836,121.549513
浦东新区紫叶路76弄,31.181761,121.551522
浦东新区堆栈路27号,31.186211,121.552377
浦东新区孙环路366弄,31.180601,121.637181
浦东新区御秀路68弄,31.153965,121.58192
浦东新区瑞和路555弄,31.090603,121.595576
浦东新区航头路988弄,31.037206,121.600664
嘉定区草庵村,31.450218,121.214651
松江区华益村,31.032243,121.227747
松江区秀龙村,31.032243,121.227747
松江区陈坊村,31.105212,121.183698
金山区新巷村,30.846340,121.304858
闵行区曹行村,31.095559,121.445570
闵行区行南村,31.115935,121.427627
松江区酱园弄101号,31.032243,121.227747
嘉定区福海路111弄,31.369607,121.254867
黄浦区滇池路119号,31.239606,121.487299
黄浦区瞿溪路1200弄34号,31.196489,121.471172
嘉定区新源路1288弄,31.308803,121.152557
嘉定区华江路157号,31.253587,121.340825
杨浦区许昌路1588弄,31.272712,121.513894
松江区久远路1660弄,31.210369,121.110009
黄浦区大吉路173弄,31.214255,121.483961
闵行区曲吴路175弄,31.053983,121.460135
杨浦区黄兴路2053号,31.296185,121.516984
嘉定区金鼎路2388弄,31.259270,121.362866
闵行区东川路2626弄,31.009800,121.403425
闵行区闸航路2715号,31.019528,121.532028
闵行区东川路2718弄,31.009191,121.400193
松江区车泾路279号,31.020882,121.310444
闵行区浦连路282弄,31.055867,121.540028
宝山区友谊路2858弄,31.383412,121.433971
杨浦区军工路2866号,31.334004,121.542842
长宁区天山路288弄,31.215768,121.383711
闵行区北翟路2900弄,31.222119,121.324403
嘉定区丰庄路295号,31.245487,121.362408
浦东新区塘桥2村,31.181557,121.497901
普陀区石泉路300弄,31.247998,121.420603
嘉定区张掖路355号,31.258808,121.334615
闵行区顾戴路35弄,31.145301,121.407821
静安区恒通路360号,31.240441,121.457140
闵行区黎安路380弄,31.131463,121.374067
杨浦区怀德路398号,31.256380,121.526300
闵行区建设路39弄,30.998479,121.424141
浦东新区东海3村,31.280556,121.518529
闵行区鹤庆路411弄,31.007207,121.415153
黄浦区中华路429弄,31.218043,121.497516
宝山区高境路477弄,31.323758,121.471977
松江区诸光路488号,31.165097,121.316268
闵行区碧江路502弄,31.014875,121.399577
闵行区红松路528号,31.180438,121.364070
闵行区金平路555弄,31.018266,121.411670
长宁区新华路569弄,31.203247,121.421719
闵行区万源路580弄,31.144108,121.397789
闵行区金汇路588弄,31.183531,121.374491
松江区丰福路599弄,31.380344,121.708390
宝山区祁华路655弄,31.320257,121.372333
杨浦区安图路6弄,31.289303,121.544416
普陀区宜昌路715弄,31.242487,121.431681
闵行区东兰路751弄,31.153856,121.390793
徐汇区新乐路7号,31.218366,121.457932
虹口区场中路803弄,31.306672,121.469611
闵行区东川路811弄,31.017393,121.433572
黄浦区丽园路857号,31.206877,121.476928
虹口区大连路975弄,31.267443,121.505111
嘉定区艾米公寓,31.429542,121.193350
浦东新区三林苑,31.146130,121.523060
浦东新区三灶村,31.069903,121.711960
浦东新区中久村,30.929472,121.881589
浦东新区仁义村,31.058527,121.640850
浦东新区会龙村,31.094767,121.713388
浦东新区先进村,31.096412,121.803904
浦东新区南项湾,31.358571,121.557731
浦东新区卫东村,31.176627,121.755668
浦东新区卫民村,31.098372,121.741199
浦东新区叠桥村,31.128098,121.616303
浦东新区团西村,30.968747,121.733037
浦东新区姚桥村,31.114455,121.598337
浦东新区崂三村,31.221517,121.544379
浦东新区成日村,31.060951,121.811764
浦东新区新东村,31.090152,121.804230
浦东新区新吉村,31.109355,121.713066
浦东新区林家湾,31.182725,121.571256
浦东新区欣春苑,31.024176,121.705208
浦东新区民义村,31.127897,121.698786
浦东新区民乐苑,31.156315,121.570366
浦东新区民星苑,31.160889,121.569563
浦东新区永新村,31.309728,121.665203
浦东新区汤家宅,31.133111,121.528762
浦东新区洋溢村,30.934010,121.886162
浦东新区瓦南村,31.098617,121.652772
浦东新区祝西村,31.107157,121.755840
浦东新区窑墩村,31.113540,121.646777
浦东新区腰路村,31.071786,121.703915
浦东新区航东村,31.028466,121.599392
浦东新区西浜头,31.286816,121.609076
浦东新区车站村,30.976559,121.742044
浦东新区金群苑,31.285548,121.670312
浦东新区长桥村,31.147372,121.733233
浦东新区陈行村,31.092160,121.498391
浦东新区飞桥村,31.043202,121.612823
浦东新区鹤东村,31.054665,121.602178
闵行区平南一村,31.154003,121.396269
闵行区梅陇一村,31.136443,121.412403
闵行区王泥浜村,31.225651,121.313471
闵行区龙柏七村,31.173924,121.362643
闵行区龙柏二村,31.181689,121.362198
浦东新区海阳路1001弄,31.158836,121.504745
浦东新区华春路100弄,31.178994,121.527329
浦东新区宝华路1018号,31.221517,121.544379
浦东新区鹏飞路101弄,31.175603,121.555642
浦东新区秀沿路1028弄,31.130553,121.579706
浦东新区东三街102弄,31.201489,121.509851
浦东新区新德路1058弄,31.195268,121.682169
松江区沪亭南路1059号,31.114102,121.338016
浦东新区唐港路1059弄,30.977195,121.864021
浦东新区齐河路1066号,31.183670,121.518069
浦东新区海阳路1080弄,31.157235,121.506616
浦东新区兰城路108弄,31.263736,121.580518
浦东新区南祝路108弄,31.126722,121.752949
浦东新区博华路108号,31.183851,121.547268
浦东新区商场路108弄,31.233385,121.524656
浦东新区金葵路1115弄,31.240318,121.630887
浦东新区康桥路1118弄,31.148060,121.570996
浦东新区南泉路111弄,31.210880,121.522130
浦东新区杨思路1121弄,31.164900,121.505810
浦东新区海阳路1125弄,31.158938,121.507174
浦东新区乳山路114弄,31.234256,121.521646
浦东新区东陆路1182弄,31.270700,121.595918
浦东新区古恩路118号,31.073250,121.641558
浦东新区康沈路1199弄,31.125299,121.575020
浦东新区博山路11弄,31.245181,121.558511
浦东新区宁阳路11弄,31.212304,121.517818
浦东新区康士路11号,31.149221,121.564173
浦东新区板泉路1201弄,31.162651,121.505330
浦东新区光泽路120弄,31.332599,121.613966
浦东新区南泉路1211弄,31.213556,121.523599
浦东新区永宁路122弄,31.266957,121.611175
浦东新区南泉路1250弄,31.212562,121.522540
浦东新区上南路1251弄,31.173428,121.497008
浦东新区唐镇路127弄,31.207289,121.649810
浦东新区长岛路128弄,31.262118,121.595183
浦东新区尚博路129弄,31.146627,121.510341
浦东新区三林路1300弄,31.143820,121.518117
浦东新区横桥路136弄11支弄,31.107974,121.576332
浦东新区鹤洁路138弄,31.069505,121.597705
松江区沪松公路1399弄,31.136610,121.319875
浦东新区思浦路13弄,31.159464,121.493161
浦东新区潍坊路140弄,31.225282,121.525016
浦东新区严桥路141弄,31.190192,121.528472
浦东新区柳埠路142弄,31.263372,121.581054
浦东新区上南路1500弄,31.170038,121.495052
浦东新区川银路150弄,31.192689,121.688127
浦东新区御水路150弄,31.161036,121.572289
浦东新区新陈路150弄,31.178685,121.560405
浦东新区康杉路151号,31.150530,121.559668
浦东新区潍坊路154弄,31.224095,121.525420
闵行区虹梅南路1555弄,31.116920,121.425318
浦东新区康桥路1558弄,31.150475,121.572956
浦东新区浦电路155号,31.218649,121.521616
浦东新区浦建路1578弄,31.200711,121.545907
浦东新区齐恒路159号,31.186892,121.521189
浦东新区东方路1600弄,31.210065,121.525426
浦东新区康桥路1603号,31.150702,121.582502
浦东新区杨莲路160弄,31.165020,121.549940
浦东新区龙阳路1629号,31.200602,121.547716
浦东新区康桥路1633弄,31.152336,121.584201
浦东新区北艾路1643弄,31.180074,121.524598
浦东新区成山路1658号,31.176693,121.528727
浦东新区思学路165弄,31.298480,121.581735
黄浦区中山南路1667号,31.204814,121.494989
浦东新区张杨路1673弄,31.236932,121.542981
浦东新区航头路1675弄,31.030694,121.580672
浦东新区秀浦路168号,31.123681,121.552007
浦东新区航瑞路175弄,31.071090,121.592596
浦东新区峨山路180弄,31.214252,121.528228
浦东新区栖山路1855号,31.260739,121.571337
浦东新区龙阳路1880弄,31.201204,121.553677
浦东新区杜鹃路188号,31.202571,121.549774
浦东新区高博路188弄,31.297467,121.579975
浦东新区莲园路18弄,31.183791,121.542137
浦东新区栖霞路190弄,31.237037,121.518696
浦东新区柳埠路196弄,31.264176,121.583102
浦东新区御桥路1978弄,31.158305,121.573183
浦东新区花木路1983弄,31.218067,121.569014
浦东新区御水路199弄,31.160047,121.574730
浦东新区康士路1弄,31.146628,121.564691
浦东新区板泉路2000弄,31.165656,121.531224
浦东新区灵山路2000弄,31.242320,121.574340
浦东新区浙桥路200号,31.251189,121.599766
浦东新区金台路200弄,31.250870,121.588240
浦东新区上浦路201弄,31.147130,121.491707
浦东新区五莲路201弄,31.274622,121.581744
浦东新区宣春路201号,31.086106,121.726176
浦东新区沪南路2038号,31.163640,121.562303
闵行区北青公路2055弄58支弄,31.202922,121.269297
浦东新区御桥路2066弄,31.158076,121.575306
浦东新区永泰路2080弄,31.145454,121.544662
浦东新区潍坊路208弄,31.226576,121.529499
浦东新区迎熏路222弄,31.035235,121.737896
浦东新区张东路2281弄,31.201487,121.637420
浦东新区耀元路228弄,31.171456,121.474542
浦东新区鹏岳路233弄,31.170142,121.554990
浦东新区孙桥路235弄,31.182268,121.630888
浦东新区孙桥路238弄,31.181948,121.630560
浦东新区冬融路245弄,31.332857,121.589566
浦东新区锦绣路2466弄,31.194999,121.534758
浦东新区兰陵路24弄,31.194396,121.517012
浦东新区康沈路250弄,31.140607,121.570331
浦东新区康花路2518弄,31.146952,121.549559
浦东新区沪南路2518弄,31.150375,121.564914
浦东新区严民路251弄,31.189941,121.531712
浦东新区新园路251弄,31.317046,121.632940
浦东新区新浦路252弄,31.169544,121.529411
浦东新区安盛街256号,31.144273,121.526705
浦东新区浦明路258弄,31.225884,121.508907
浦东新区牡丹路258弄,31.207332,121.548926
闵行区虹梅南路2638弄,31.095972,121.440134
浦东新区繁荣路266弄,31.105542,121.571840
浦东新区金杨路273弄,31.248230,121.575028
浦东新区下南路276弄,31.168428,121.541980
浦东新区浦三路2775弄,31.160441,121.533049
浦东新区宏港苑285弄,31.035334,121.842439
浦东新区高青路2861弄,31.161482,121.528549
浦东新区锦绣路2866弄,31.186687,121.537667
浦东新区高青路2878弄,31.160509,121.529251
浦东新区菏泽路287弄,31.268924,121.593835
浦东新区三舒路288弄,31.120570,121.504908
浦东新区锦合路289弄,31.205638,121.537396
浦东新区京浦路298弄,31.153521,121.570841
浦东新区惠东路298号,31.043869,121.770478
浦东新区川北路2999号,31.205126,121.611897
浦东新区蓝村路2号,31.211124,121.532701
浦东新区康沈路3001弄,31.090241,121.582981
浦东新区金桥路301弄,31.266294,121.572760
浦东新区御青路328弄,31.155838,121.571995
浦东新区上南路3300号,31.158529,121.498320
浦东新区浦电路331弄,31.219147,121.528058
浦东新区芳甸路333弄,31.225849,121.560670
浦东新区项文路333弄,31.047319,121.705737
浦东新区东方路3344弄,31.193316,121.513748
浦东新区关岳路338弄,31.120257,121.590594
浦东新区临沂路339弄,31.191788,121.509199
浦东新区中林街33弄,31.137201,121.498936
浦东新区银山路343号,31.245613,121.583162
浦东新区御山路347弄,31.155798,121.569758
浦东新区五星路348号,31.174637,121.565591
浦东新区上南路3500弄,31.154258,121.499651
浦东新区上南路3520弄,31.154022,121.500299
浦东新区林展路358号,31.123194,121.508352
浦东新区红枫路358弄,31.241594,121.592419
浦东新区御山路360弄,31.155485,121.567272
浦东新区上南路3651弄,31.154312,121.506022
浦东新区德川路369弄,31.192223,121.670319
浦东新区上浦路36弄,31.144288,121.491439
浦东新区张杨路370弄,31.225639,121.514580
浦东新区凌兆路373号,31.142857,121.497617
浦东新区潍坊路375弄,31.228451,121.531411
浦东新区凌兆路379弄,31.143761,121.497312
浦东新区高宝路379弄,31.291739,121.624191
浦东新区博华路380弄,31.180609,121.548968
浦东新区新浦路380弄,31.171809,121.534948
浦东新区临沂路381弄,31.190716,121.510136
浦东新区羽山路383弄,31.232918,121.543901
浦东新区上南路3848弄,31.150862,121.502411
浦东新区利津路385弄,31.277587,121.586097
静安区育婴堂路38弄,31.249581,121.467114
浦东新区云雅路395弄,31.242216,121.678487
浦东新区绿林路395号,31.168956,121.549219
浦东新区凌兆路396弄,31.142463,121.499253
浦东新区香楠路399弄,31.214303,121.614444
浦东新区江高路39弄,31.150334,121.479482
浦东新区上浦路410弄,31.145591,121.497835
浦东新区林展路411弄,31.122854,121.510061
浦东新区锦绣路418弄,31.183469,121.541226
浦东新区凌河路420弄,31.272951,121.599636
浦东新区峨山路420弄,31.213926,121.525632
浦东新区上南路4265弄,31.144629,121.510069
浦东新区康弘路428弄,31.118598,121.601456
浦东新区光泽路429弄,31.330458,121.618203
浦东新区三林路430弄,31.138368,121.501011
浦东新区西行路433弄,31.294080,121.614341
浦东新区苗圃路438号,31.237821,121.551500
浦东新区施宏路459号,31.152257,121.759809
浦东新区南市街45弄,31.193970,121.705070
浦东新区苗圃路463弄,31.236757,121.550063
浦东新区下南路465弄,31.171416,121.540741
浦东新区蓝村路470弄,31.211442,121.524966
浦东新区蓝村路471弄,31.212312,121.527281
浦东新区延中路47弄,31.323919,121.623099
浦东新区莲园路488弄,31.185498,121.557907
浦东新区浦电路489号工地生活区,31.226917,121.533000
浦东新区福山路49弄,31.238639,121.526615
浦东新区西市路4弄,31.196893,121.703194
浦东新区丰海路500弄,31.054826,121.781269
浦东新区杨思路502弄,31.160603,121.495103
浦东新区秀沿路505弄,31.134504,121.563284
浦东新区三旋路506弄,31.119449,121.502621
浦东新区康达路508弄,31.122457,121.597608
浦东新区华丰路50弄,31.190886,121.508092
浦东新区博山路50弄,31.245981,121.555934
浦东新区航绣路50弄,31.070947,121.596652
浦东新区康弘路515弄,31.122660,121.599273
浦东新区三林路519弄,31.141070,121.501416
浦东新区华丰路51弄,31.192262,121.508239
浦东新区梓康路51弄,31.122406,121.572847
浦东新区罗山路5205号,31.163102,121.591544
浦东新区靖海路547弄,31.058038,121.767035
浦东新区鹤韵路549弄,31.075247,121.595857
浦东新区晚霞路550弄,31.178015,121.750581
浦东新区宏雅路555弄,31.242436,121.674671
浦东新区莲园路560弄,31.185772,121.559371
浦东新区银冬路568号,31.205075,121.635976
浦东新区御青路56弄,31.161718,121.569847
浦东新区灵岩路56弄,31.166803,121.493621
浦东新区崂山路571弄,31.226273,121.523030
浦东新区芳华路580弄,31.196130,121.562198
浦东新区长岛路588弄,31.260600,121.582050
浦东新区永泰路595弄,31.141023,121.515012
浦东新区妙镜路600弄,31.188522,121.689874
浦东新区源深路600弄2支弄,31.230079,121.534105
浦东新区成山路601弄,31.174472,121.508729
浦东新区上浦路606弄,31.146787,121.500553
浦东新区康杉路608弄,31.145559,121.564215
浦东新区成山路608弄100支弄,31.170779,121.509147
浦东新区成山路608弄80支弄,31.171571,121.508348
松江区沪亭北路618弄,31.148732,121.317783
浦东新区凌河路618弄,31.271728,121.602882
浦东新区张杨路628弄,31.228144,121.520547
浦东新区芳华路630弄,31.196390,121.564109
浦东新区浦三路637弄,31.188647,121.517822
浦东新区长岛路638弄,31.259937,121.579132
浦东新区古桐路63弄,31.204008,121.613463
浦东新区永泰路663号,31.140227,121.517827
浦东新区孙建路665弄,31.182936,121.636544
浦东新区宣夏路666弄,31.086794,121.719191
浦东新区港辉路66弄,30.862309,121.857516
松江区九亭大街671弄,31.126379,121.323196
浦东新区芳华路673弄,31.196224,121.559932
浦东新区华佗路678号,31.189783,121.593650
浦东新区海桐路68弄,31.204949,121.552816
浦东新区上南路6932弄,31.116812,121.568234
浦东新区新龙路69弄,31.317597,121.627926
浦东新区晚霞路715弄,31.180928,121.751582
浦东新区金桥路715号,31.260499,121.577754
浦东新区浦建路725弄,31.209369,121.530826
浦东新区凌兆路726弄,31.144902,121.505080
浦东新区利津路729弄,31.275223,121.590220
浦东新区城南路747弄,31.188514,121.693094
浦东新区千汇路750弄,31.117395,121.763353
黄浦区西藏南路750号,31.215451,121.484239
松江区沪亭南路751弄,31.117522,121.336791
浦东新区上南路7762号,31.117759,121.570098
浦东新区盛苑路777弄,31.158072,121.530263
浦东新区莲溪路780弄,31.176805,121.561427
浦东新区金杨路785弄,31.253974,121.582715
浦东新区康桥路787号,31.146152,121.549371
浦东新区博山路78弄,31.245797,121.555136
浦东新区霞光路78弄,30.900749,121.810582
浦东新区上南路7992弄,31.117541,121.574944
浦东新区樱花路802弄,31.206094,121.558883
浦东新区长清路807弄,31.156180,121.493677
浦东新区杨新路80弄,31.164038,121.493943
虹口区车站西路80弄,31.295901,121.483312
浦东新区书礼路813号,30.939124,121.874738
浦东新区临沂路81弄,31.197016,121.517481
浦东新区川银路81弄,31.192761,121.686050
浦东新区浦三路821弄,31.183336,121.521334
浦东新区申波路83弄,31.192401,121.567585
松江区九亭大街851弄,31.126016,121.319434
浦东新区杨思路855弄,31.164818,121.498516
浦东新区浦三路858弄,31.181880,121.519064
浦东新区北艾路862弄,31.184160,121.537281
浦东新区鹤驰路88弄,31.080475,121.594462
浦东新区佳林路898弄,31.264159,121.611575
浦东新区临沂路8弄,31.200728,121.516590
浦东新区丁香路901弄,31.227139,121.553330
浦东新区海阳路905弄,31.158904,121.503618
浦东新区佳林路919弄,31.266748,121.611658
浦东新区苗桥路935弄,31.141287,121.622679
浦东新区新德路939弄,31.193971,121.684735
浦东新区秀康路958弄,31.142136,121.570764
浦东新区齐恒路95弄,31.188933,121.521576
浦东新区下南路971弄,31.182589,121.536806
浦东新区懿行路971弄,31.125133,121.514804
浦东新区商城路991弄,31.234553,121.524285
浦东新区芳华路993弄,31.197025,121.568885
浦东新区浙桥路99号,31.251536,121.598916
浦东新区广益路9弄,31.241985,121.517608
浦东新区上南三村,31.173988,121.497834
浦东新区上钢二村,31.175920,121.493867
浦东新区东建新村,31.201677,121.533319
浦东新区东陆新村,31.274745,121.596778
浦东新区乳山三村,31.233152,121.519773
浦东新区人和新村,31.155166,121.576749
浦东新区南新西园,31.328291,121.582489
浦东新区双秀北苑,31.122671,121.564826
浦东新区周康一村,31.135842,121.568472
浦东新区周康五村,31.132406,121.573990
浦东新区周康四村,31.140347,121.572064
浦东新区妙虹新苑,31.181877,121.717499
浦东新区崂山四村,31.235026,121.518257
浦东新区川新小区,31.170501,121.509160
浦东新区德州二村,31.169401,121.492115
浦东新区德州五村,31.167056,121.495441
浦东新区德州四村,31.168335,121.486071
浦东新区新德公寓,31.195184,121.688371
浦东新区永安新村,31.248280,121.550722
浦东新区汇腾南苑,31.089819,121.585336
浦东新区济阳一村,31.164999,121.483052
浦东新区海尚东苑,31.287207,121.675231
浦东新区海防新村,31.247893,121.553684
浦东新区潍坊四村,31.218260,121.524221
浦东新区申城佳苑,31.185804,121.636936
浦东新区跃进新村,31.207974,121.704837
浦东新区锦绣华都,31.154916,121.581189
浦东新区长达佳苑,31.025574,121.576592
浦东新区高东新村,31.333725,121.614976
浦东新区齐友佳苑,31.205326,121.671957
浦东新区居家桥路1030弄,31.244136,121.571362
浦东新区灵岩南路1065号,31.143006,121.499765
浦东新区康桥东路1159弄,31.159128,121.628474
浦东新区洋泾镇路117号,31.238939,121.553176
浦东新区南码头路1181弄,31.200418,121.507436
浦东新区南码头路119弄,31.200210,121.507820
浦东新区莲安西路123弄,31.178411,121.553067
浦东新区莲安西路125弄,31.179218,121.553648
浦东新区华夏二路1278弄,31.175072,121.689599
浦东新区浦东大道140弄,31.238659,121.514647
浦东新区南码头路1521弄,31.177142,121.518237
浦东新区高科西路1655弄,31.189572,121.527005
浦东新区浦东南路1700弄,31.217659,121.518121
浦东新区胶南小区170弄,31.199760,121.510702
浦东新区浦东大道1851弄,31.247510,121.544790
浦东新区浦东南路1860号,31.216396,121.517991
浦东新区南码头路193弄,31.199457,121.509355
浦东新区浦东南路1969号,31.211335,121.518348
浦东新区杨高南路2030弄,31.191683,121.521437
浦东新区秀沿西路218弄,31.129753,121.535010
浦东新区新金桥路230号,31.249619,121.598419
浦东新区浦东大道2511弄,31.259507,121.559285
浦东新区海阳西路268弄,31.150944,121.476370
浦东新区环林东路271弄,31.149139,121.526538
浦东新区川北公路2820号,31.204610,121.611797
浦东新区杨高南路2828号,31.176387,121.518767
浦东新区浦东大道290弄,31.239219,121.517239
浦东新区华夏三路299弄,31.192655,121.679582
浦东新区祝潘公路301弄,31.125668,121.757816
浦东新区高科西路3030弄,31.189446,121.563010
浦东新区北蔡大街31弄,31.187386,121.554400
浦东新区周祝公路35号,31.099939,121.585558
浦东新区莲安东路367弄,31.181749,121.563404
松江区蟠中路南侧38-01,31.032243,121.227747
浦东新区东书房路390弄,31.165057,121.535201
浦东新区创新中路399弄,31.211453,121.665536
浦东新区川周公路4011弄,31.125428,121.587459
浦东新区东书房路412号,31.164151,121.535557
浦东新区博山东路41弄,31.247869,121.558870
浦东新区港驳小区420弄,31.213928,121.526406
浦东新区川周公路4318弄,31.121920,121.579924
浦东新区杨高南路4501弄,31.158549,121.526218
浦东新区牌楼东路528弄,31.025437,121.655910
浦东新区华夏西路5758号,31.164629,121.581580
浦东新区浦东南路575弄,31.236465,121.512503
长宁区沪青平公路58号,31.183173,121.356666
浦东新区孙桥沔北5队,31.182436,121.630830
浦东新区浦东大道604弄,31.240401,121.522093
浦东新区浦东大道727弄,31.241116,121.525405
浦东新区环林西路775弄,31.141703,121.522036
浦东新区灵岩南路801弄,31.147771,121.498930
浦东新区莲安东路80弄,31.180466,121.557370
浦东新区环林西路848弄,31.139459,121.526411
浦东新区南团公路858弄,31.026738,121.762263
浦东新区川周公路8682号,31.184434,121.709560
嘉定区黄家花园路88弄,31.252602,121.321436
浦东新区环林东路906弄,31.141320,121.528551
浦东新区沪南公路9847号,31.040861,121.737353
浦东新区孙桥劳动9队,31.182436,121.630830
浦东新区三灶光明村,31.290572,121.658468
浦东新区上南十二村,31.168988,121.505217
浦东新区六灶果园村,31.019684,121.635892
浦东新区北蔡李家宅,31.161785,121.551071
浦东新区北蔡陆家宅,31.183353,121.672200
浦东新区周浦西大街,31.117515,121.575314
浦东新区孙桥诸家宅,31.182436,121.630830
浦东新区新舒苑南苑,30.976381,121.863900
浦东新区葡萄园新村,31.110730,121.576289
浦东新区浦东罗山路108弄,31.248465,121.552376
浦东新区宣桥镇宣桥12组,31.009947,121.619552
浦东新区北张家浜路188弄,31.216405,121.525183
浦东新区东三里桥路190弄,31.200357,121.511232
浦东新区书院镇北窑1组,30.925730,121.854360
浦东新区宣桥镇光辉1组,31.131500,121.637424
浦东新区东三里桥路245弄,31.199513,121.515900
浦东新区北张家浜路58号,31.215817,121.520549
浦东新区一六村油车队,31.160100,121.583996
浦东新区三林镇临江村,31.124313,121.478970
浦东新区中心村顾家宅,31.204419,121.715223
浦东新区中界村季家宅,31.190182,121.570951
浦东新区五星村姚家宅,31.184603,121.576303
浦东新区前哨村马家宅,31.240997,121.733875
浦东新区北蔡镇唐家宅,31.161386,121.582882
浦东新区南新村徐家宅,31.257482,121.683615
浦东新区南村西钟家宅,31.166262,121.541115
浦东新区卫行村联浜队,31.164888,121.581392
浦东新区卫行村顾家宅,31.164888,121.581392
浦东新区周埠村洪波村,31.001029,121.763534
浦东新区宣桥镇五星村,31.076415,121.706092
浦东新区宣桥镇光明村,31.079631,121.718627
浦东新区川杨新苑西区,31.185585,121.625989
浦东新区御桥村李家宅,31.161785,121.551071
浦东新区新场镇坦直村,31.074206,121.631658
浦东新区新场镇王桥村,31.014115,121.663269
浦东新区杨莲路姚家宅,31.165020,121.549940
浦东新区沔北路唐家宅,31.163381,121.622787
浦东新区海滨国际花园,30.867206,121.858415
浦东新区红旗村江湖宅,31.121282,121.494144
浦东新区联勤村冯家宅,31.165281,121.550341
浦东新区金家村周家宅,31.122007,121.113545
浦东新区钱堂村立达宅,31.153880,121.594361
浦东新区闵西队闵家宅,31.121035,121.533415
浦东新区高桥镇龚家宅,31.161172,121.644024
浦东新区高行绿洲六期,31.323095,121.591746
浦东新区三林路安居苑1662弄,31.145408,121.525976
浦东新区禹洲金桥国际2期,31.255579,121.614730
浦东新区新川路东门街55弄,31.195775,121.709534
嘉定区嘉定工业区陆渡村,31.462046,121.197633
浦东新区一六村南赵家宅,31.160246,121.589006
浦东新区南阜村西潘家宅,31.130224,121.519669
浦东新区巨野路大陆家宅,31.244102,121.542936
浦东新区康桥汤巷中心村,31.143247,121.609080
浦东新区绿林路东钟家宅,31.166450,121.542313
浦东新区龙东大道大众村,31.225443,121.647509
浦东新区北蔡朱家队朱家宅,31.162846,121.581295
浦东新区大团镇赵桥村柴场,30.986038,121.738706
浦东新区孙桥劳动村吴家宅,31.179955,121.631647
浦东新区汇福家园平安里南,31.089590,121.594654
浦东新区高桥镇潼港后六村,31.349564,121.576541
浦东新区一六村李家队王家宅,31.164487,121.582788
浦东新区中界村沈家队姚家宅,31.184320,121.576564
浦东新区中界村苏家队周家宅,31.184874,121.571482
浦东新区中界村陈家队陈家宅,31.192456,121.566124
浦东新区中界村黄家队黄家宅,31.185266,121.573025
浦东新区五星村吴家队吴家宅,31.179955,121.631647
浦东新区五星村家务队顾家宅,31.169133,121.569886
浦东新区六团镇储店村张家宅,31.140756,121.734048
浦东新区南阜村高树队王家宅,31.165728,121.678874
浦东新区卫行村张家队张家宅,31.168015,121.547655
浦东新区卫行村张浜队王家宅,31.165728,121.678874
浦东新区卫行村朱家队朱家宅,31.161470,121.582983
浦东新区卫行村顾家队张家宅,31.166925,121.582958
浦东新区张江镇中心村小桥宅,31.169163,121.636916
浦东新区御桥村龙桥队张家宅,31.166736,121.550019
浦东新区祝桥镇陈胡村毛家宅,31.194157,121.769073
浦东新区联勤村张家宅张家队,31.168015,121.547655
松江区无新增本土无症状感染者,31.032243,121.227747
浦东新区杨桥村西计队西计家宅,31.190258,121.578083
